Mutation.Type	X400220	X426980	X452198	X573988	X758168	X804168	X869586
A[C>A]A	8	11	1	3	11	13	8
A[C>A]C	3	8	0	2	2	6	13
A[C>A]G	0	2	0	0	1	1	2
A[C>A]T	4	6	2	1	3	11	9
A[C>G]A	2	11	0	1	2	5	6
A[C>G]C	0	4	1	0	2	4	2
A[C>G]G	0	1	0	0	1	0	3
A[C>G]T	1	7	1	0	3	8	5
A[C>T]A	13	44	1	6	15	25	25
A[C>T]C	5	17	1	3	4	13	14
A[C>T]G	31	57	9	13	25	39	142
A[C>T]T	5	18	5	3	10	12	19
A[T>A]A	1	2	0	1	3	1	4
A[T>A]C	0	9	1	2	3	3	9
A[T>A]G	0	10	0	0	4	3	8
A[T>A]T	2	4	0	1	4	6	17
A[T>C]A	5	14	0	6	9	16	8
A[T>C]C	1	5	1	0	1	3	9
A[T>C]G	5	13	5	3	9	12	10
A[T>C]T	3	18	2	5	13	14	12
A[T>G]A	2	3	2	1	2	4	2
A[T>G]C	0	2	0	0	0	2	2
A[T>G]G	1	5	2	0	0	5	1
A[T>G]T	2	4	1	0	1	1	2
C[C>A]A	2	10	1	3	4	10	7
C[C>A]C	2	2	1	1	3	11	5
C[C>A]G	1	0	0	0	1	2	0
C[C>A]T	7	8	2	1	7	6	11
C[C>G]A	0	2	0	1	4	1	3
C[C>G]C	1	2	1	1	1	2	1
C[C>G]G	0	0	0	0	2	1	0
C[C>G]T	3	6	3	0	0	1	3
C[C>T]A	5	24	2	2	9	9	16
C[C>T]C	7	17	2	4	6	9	14
C[C>T]G	6	41	2	4	20	19	97
C[C>T]T	7	33	3	2	10	25	15
C[T>A]A	0	2	0	1	1	3	4
C[T>A]C	1	3	0	0	3	2	3
C[T>A]G	0	4	2	0	5	3	3
C[T>A]T	2	12	0	0	5	5	6
C[T>C]A	1	10	1	3	4	0	5
C[T>C]C	2	6	2	1	1	8	6
C[T>C]G	2	5	1	3	5	11	20
C[T>C]T	1	10	1	0	2	6	10
C[T>G]A	2	0	0	1	2	6	1
C[T>G]C	0	1	0	0	2	3	2
C[T>G]G	0	5	0	1	2	3	4
C[T>G]T	1	8	1	0	2	2	8
G[C>A]A	6	8	3	0	7	7	15
G[C>A]C	1	6	2	0	1	3	6
G[C>A]G	1	1	0	1	0	0	2
G[C>A]T	4	8	0	0	3	4	14
G[C>G]A	1	2	0	1	2	3	0
G[C>G]C	0	0	0	0	0	1	2
G[C>G]G	0	0	0	0	0	1	0
G[C>G]T	1	5	0	0	2	3	3
G[C>T]A	8	19	0	2	6	16	11
G[C>T]C	3	18	4	3	8	8	14
G[C>T]G	21	36	6	7	19	18	82
G[C>T]T	6	23	3	5	10	22	17
G[T>A]A	0	1	0	0	1	6	3
G[T>A]C	1	3	0	0	3	1	2
G[T>A]G	0	0	0	0	1	2	1
G[T>A]T	3	1	1	0	1	2	6
G[T>C]A	2	6	0	1	2	5	8
G[T>C]C	2	7	0	2	5	5	5
G[T>C]G	0	3	0	2	0	1	7
G[T>C]T	4	11	2	0	3	5	8
G[T>G]A	0	1	0	0	1	2	1
G[T>G]C	0	2	0	0	0	0	0
G[T>G]G	1	2	0	1	2	4	2
G[T>G]T	1	2	0	0	1	3	0
T[C>A]A	5	7	2	0	1	2	19
T[C>A]C	2	1	1	0	3	4	18
T[C>A]G	1	1	0	0	0	2	2
T[C>A]T	4	7	3	1	16	6	23
T[C>G]A	0	4	1	1	4	4	6
T[C>G]C	1	3	2	1	0	1	2
T[C>G]G	0	1	0	0	0	0	1
T[C>G]T	3	6	0	2	5	5	9
T[C>T]A	3	11	3	2	4	7	31
T[C>T]C	7	15	0	7	7	13	15
T[C>T]G	10	23	5	1	12	21	66
T[C>T]T	8	16	1	3	10	12	32
T[T>A]A	0	3	2	0	7	3	5
T[T>A]C	2	7	0	0	4	3	5
T[T>A]G	0	4	1	3	0	1	3
T[T>A]T	1	3	1	2	7	3	12
T[T>C]A	3	11	3	2	8	7	6
T[T>C]C	1	0	0	1	11	5	5
T[T>C]G	2	6	0	2	4	4	2
T[T>C]T	3	13	2	3	5	6	10
T[T>G]A	0	2	0	2	2	3	2
T[T>G]C	1	0	0	0	1	0	1
T[T>G]G	0	1	0	1	3	1	1
T[T>G]T	1	6	1	1	7	6	7
