Mutation.Type	case_id	number	cancer_type
A[C>A]A	X400220	8	aml
A[C>A]C	X400220	3	aml
A[C>A]G	X400220	0	aml
A[C>A]T	X400220	4	aml
A[C>G]A	X400220	2	aml
A[C>G]C	X400220	0	aml
A[C>G]G	X400220	0	aml
A[C>G]T	X400220	1	aml
A[C>T]A	X400220	13	aml
A[C>T]C	X400220	5	aml
A[C>T]G	X400220	31	aml
A[C>T]T	X400220	5	aml
A[T>A]A	X400220	1	aml
A[T>A]C	X400220	0	aml
A[T>A]G	X400220	0	aml
A[T>A]T	X400220	2	aml
A[T>C]A	X400220	5	aml
A[T>C]C	X400220	1	aml
A[T>C]G	X400220	5	aml
A[T>C]T	X400220	3	aml
A[T>G]A	X400220	2	aml
A[T>G]C	X400220	0	aml
A[T>G]G	X400220	1	aml
A[T>G]T	X400220	2	aml
C[C>A]A	X400220	2	aml
C[C>A]C	X400220	2	aml
C[C>A]G	X400220	1	aml
C[C>A]T	X400220	7	aml
C[C>G]A	X400220	0	aml
C[C>G]C	X400220	1	aml
C[C>G]G	X400220	0	aml
C[C>G]T	X400220	3	aml
C[C>T]A	X400220	5	aml
C[C>T]C	X400220	7	aml
C[C>T]G	X400220	6	aml
C[C>T]T	X400220	7	aml
C[T>A]A	X400220	0	aml
C[T>A]C	X400220	1	aml
C[T>A]G	X400220	0	aml
C[T>A]T	X400220	2	aml
C[T>C]A	X400220	1	aml
C[T>C]C	X400220	2	aml
C[T>C]G	X400220	2	aml
C[T>C]T	X400220	1	aml
C[T>G]A	X400220	2	aml
C[T>G]C	X400220	0	aml
C[T>G]G	X400220	0	aml
C[T>G]T	X400220	1	aml
G[C>A]A	X400220	6	aml
G[C>A]C	X400220	1	aml
G[C>A]G	X400220	1	aml
G[C>A]T	X400220	4	aml
G[C>G]A	X400220	1	aml
G[C>G]C	X400220	0	aml
G[C>G]G	X400220	0	aml
G[C>G]T	X400220	1	aml
G[C>T]A	X400220	8	aml
G[C>T]C	X400220	3	aml
G[C>T]G	X400220	21	aml
G[C>T]T	X400220	6	aml
G[T>A]A	X400220	0	aml
G[T>A]C	X400220	1	aml
G[T>A]G	X400220	0	aml
G[T>A]T	X400220	3	aml
G[T>C]A	X400220	2	aml
G[T>C]C	X400220	2	aml
G[T>C]G	X400220	0	aml
G[T>C]T	X400220	4	aml
G[T>G]A	X400220	0	aml
G[T>G]C	X400220	0	aml
G[T>G]G	X400220	1	aml
G[T>G]T	X400220	1	aml
T[C>A]A	X400220	5	aml
T[C>A]C	X400220	2	aml
T[C>A]G	X400220	1	aml
T[C>A]T	X400220	4	aml
T[C>G]A	X400220	0	aml
T[C>G]C	X400220	1	aml
T[C>G]G	X400220	0	aml
T[C>G]T	X400220	3	aml
T[C>T]A	X400220	3	aml
T[C>T]C	X400220	7	aml
T[C>T]G	X400220	10	aml
T[C>T]T	X400220	8	aml
T[T>A]A	X400220	0	aml
T[T>A]C	X400220	2	aml
T[T>A]G	X400220	0	aml
T[T>A]T	X400220	1	aml
T[T>C]A	X400220	3	aml
T[T>C]C	X400220	1	aml
T[T>C]G	X400220	2	aml
T[T>C]T	X400220	3	aml
T[T>G]A	X400220	0	aml
T[T>G]C	X400220	1	aml
T[T>G]G	X400220	0	aml
T[T>G]T	X400220	1	aml
A[C>A]A	X426980	11	aml
A[C>A]C	X426980	8	aml
A[C>A]G	X426980	2	aml
A[C>A]T	X426980	6	aml
A[C>G]A	X426980	11	aml
A[C>G]C	X426980	4	aml
A[C>G]G	X426980	1	aml
A[C>G]T	X426980	7	aml
A[C>T]A	X426980	44	aml
A[C>T]C	X426980	17	aml
A[C>T]G	X426980	57	aml
A[C>T]T	X426980	18	aml
A[T>A]A	X426980	2	aml
A[T>A]C	X426980	9	aml
A[T>A]G	X426980	10	aml
A[T>A]T	X426980	4	aml
A[T>C]A	X426980	14	aml
A[T>C]C	X426980	5	aml
A[T>C]G	X426980	13	aml
A[T>C]T	X426980	18	aml
A[T>G]A	X426980	3	aml
A[T>G]C	X426980	2	aml
A[T>G]G	X426980	5	aml
A[T>G]T	X426980	4	aml
C[C>A]A	X426980	10	aml
C[C>A]C	X426980	2	aml
C[C>A]G	X426980	0	aml
C[C>A]T	X426980	8	aml
C[C>G]A	X426980	2	aml
C[C>G]C	X426980	2	aml
C[C>G]G	X426980	0	aml
C[C>G]T	X426980	6	aml
C[C>T]A	X426980	24	aml
C[C>T]C	X426980	17	aml
C[C>T]G	X426980	41	aml
C[C>T]T	X426980	33	aml
C[T>A]A	X426980	2	aml
C[T>A]C	X426980	3	aml
C[T>A]G	X426980	4	aml
C[T>A]T	X426980	12	aml
C[T>C]A	X426980	10	aml
C[T>C]C	X426980	6	aml
C[T>C]G	X426980	5	aml
C[T>C]T	X426980	10	aml
C[T>G]A	X426980	0	aml
C[T>G]C	X426980	1	aml
C[T>G]G	X426980	5	aml
C[T>G]T	X426980	8	aml
G[C>A]A	X426980	8	aml
G[C>A]C	X426980	6	aml
G[C>A]G	X426980	1	aml
G[C>A]T	X426980	8	aml
G[C>G]A	X426980	2	aml
G[C>G]C	X426980	0	aml
G[C>G]G	X426980	0	aml
G[C>G]T	X426980	5	aml
G[C>T]A	X426980	19	aml
G[C>T]C	X426980	18	aml
G[C>T]G	X426980	36	aml
G[C>T]T	X426980	23	aml
G[T>A]A	X426980	1	aml
G[T>A]C	X426980	3	aml
G[T>A]G	X426980	0	aml
G[T>A]T	X426980	1	aml
G[T>C]A	X426980	6	aml
G[T>C]C	X426980	7	aml
G[T>C]G	X426980	3	aml
G[T>C]T	X426980	11	aml
G[T>G]A	X426980	1	aml
G[T>G]C	X426980	2	aml
G[T>G]G	X426980	2	aml
G[T>G]T	X426980	2	aml
T[C>A]A	X426980	7	aml
T[C>A]C	X426980	1	aml
T[C>A]G	X426980	1	aml
T[C>A]T	X426980	7	aml
T[C>G]A	X426980	4	aml
T[C>G]C	X426980	3	aml
T[C>G]G	X426980	1	aml
T[C>G]T	X426980	6	aml
T[C>T]A	X426980	11	aml
T[C>T]C	X426980	15	aml
T[C>T]G	X426980	23	aml
T[C>T]T	X426980	16	aml
T[T>A]A	X426980	3	aml
T[T>A]C	X426980	7	aml
T[T>A]G	X426980	4	aml
T[T>A]T	X426980	3	aml
T[T>C]A	X426980	11	aml
T[T>C]C	X426980	0	aml
T[T>C]G	X426980	6	aml
T[T>C]T	X426980	13	aml
T[T>G]A	X426980	2	aml
T[T>G]C	X426980	0	aml
T[T>G]G	X426980	1	aml
T[T>G]T	X426980	6	aml
A[C>A]A	X452198	1	aml
A[C>A]C	X452198	0	aml
A[C>A]G	X452198	0	aml
A[C>A]T	X452198	2	aml
A[C>G]A	X452198	0	aml
A[C>G]C	X452198	1	aml
A[C>G]G	X452198	0	aml
A[C>G]T	X452198	1	aml
A[C>T]A	X452198	1	aml
A[C>T]C	X452198	1	aml
A[C>T]G	X452198	9	aml
A[C>T]T	X452198	5	aml
A[T>A]A	X452198	0	aml
A[T>A]C	X452198	1	aml
A[T>A]G	X452198	0	aml
A[T>A]T	X452198	0	aml
A[T>C]A	X452198	0	aml
A[T>C]C	X452198	1	aml
A[T>C]G	X452198	5	aml
A[T>C]T	X452198	2	aml
A[T>G]A	X452198	2	aml
A[T>G]C	X452198	0	aml
A[T>G]G	X452198	2	aml
A[T>G]T	X452198	1	aml
C[C>A]A	X452198	1	aml
C[C>A]C	X452198	1	aml
C[C>A]G	X452198	0	aml
C[C>A]T	X452198	2	aml
C[C>G]A	X452198	0	aml
C[C>G]C	X452198	1	aml
C[C>G]G	X452198	0	aml
C[C>G]T	X452198	3	aml
C[C>T]A	X452198	2	aml
C[C>T]C	X452198	2	aml
C[C>T]G	X452198	2	aml
C[C>T]T	X452198	3	aml
C[T>A]A	X452198	0	aml
C[T>A]C	X452198	0	aml
C[T>A]G	X452198	2	aml
C[T>A]T	X452198	0	aml
C[T>C]A	X452198	1	aml
C[T>C]C	X452198	2	aml
C[T>C]G	X452198	1	aml
C[T>C]T	X452198	1	aml
C[T>G]A	X452198	0	aml
C[T>G]C	X452198	0	aml
C[T>G]G	X452198	0	aml
C[T>G]T	X452198	1	aml
G[C>A]A	X452198	3	aml
G[C>A]C	X452198	2	aml
G[C>A]G	X452198	0	aml
G[C>A]T	X452198	0	aml
G[C>G]A	X452198	0	aml
G[C>G]C	X452198	0	aml
G[C>G]G	X452198	0	aml
G[C>G]T	X452198	0	aml
G[C>T]A	X452198	0	aml
G[C>T]C	X452198	4	aml
G[C>T]G	X452198	6	aml
G[C>T]T	X452198	3	aml
G[T>A]A	X452198	0	aml
G[T>A]C	X452198	0	aml
G[T>A]G	X452198	0	aml
G[T>A]T	X452198	1	aml
G[T>C]A	X452198	0	aml
G[T>C]C	X452198	0	aml
G[T>C]G	X452198	0	aml
G[T>C]T	X452198	2	aml
G[T>G]A	X452198	0	aml
G[T>G]C	X452198	0	aml
G[T>G]G	X452198	0	aml
G[T>G]T	X452198	0	aml
T[C>A]A	X452198	2	aml
T[C>A]C	X452198	1	aml
T[C>A]G	X452198	0	aml
T[C>A]T	X452198	3	aml
T[C>G]A	X452198	1	aml
T[C>G]C	X452198	2	aml
T[C>G]G	X452198	0	aml
T[C>G]T	X452198	0	aml
T[C>T]A	X452198	3	aml
T[C>T]C	X452198	0	aml
T[C>T]G	X452198	5	aml
T[C>T]T	X452198	1	aml
T[T>A]A	X452198	2	aml
T[T>A]C	X452198	0	aml
T[T>A]G	X452198	1	aml
T[T>A]T	X452198	1	aml
T[T>C]A	X452198	3	aml
T[T>C]C	X452198	0	aml
T[T>C]G	X452198	0	aml
T[T>C]T	X452198	2	aml
T[T>G]A	X452198	0	aml
T[T>G]C	X452198	0	aml
T[T>G]G	X452198	0	aml
T[T>G]T	X452198	1	aml
A[C>A]A	X573988	3	aml
A[C>A]C	X573988	2	aml
A[C>A]G	X573988	0	aml
A[C>A]T	X573988	1	aml
A[C>G]A	X573988	1	aml
A[C>G]C	X573988	0	aml
A[C>G]G	X573988	0	aml
A[C>G]T	X573988	0	aml
A[C>T]A	X573988	6	aml
A[C>T]C	X573988	3	aml
A[C>T]G	X573988	13	aml
A[C>T]T	X573988	3	aml
A[T>A]A	X573988	1	aml
A[T>A]C	X573988	2	aml
A[T>A]G	X573988	0	aml
A[T>A]T	X573988	1	aml
A[T>C]A	X573988	6	aml
A[T>C]C	X573988	0	aml
A[T>C]G	X573988	3	aml
A[T>C]T	X573988	5	aml
A[T>G]A	X573988	1	aml
A[T>G]C	X573988	0	aml
A[T>G]G	X573988	0	aml
A[T>G]T	X573988	0	aml
C[C>A]A	X573988	3	aml
C[C>A]C	X573988	1	aml
C[C>A]G	X573988	0	aml
C[C>A]T	X573988	1	aml
C[C>G]A	X573988	1	aml
C[C>G]C	X573988	1	aml
C[C>G]G	X573988	0	aml
C[C>G]T	X573988	0	aml
C[C>T]A	X573988	2	aml
C[C>T]C	X573988	4	aml
C[C>T]G	X573988	4	aml
C[C>T]T	X573988	2	aml
C[T>A]A	X573988	1	aml
C[T>A]C	X573988	0	aml
C[T>A]G	X573988	0	aml
C[T>A]T	X573988	0	aml
C[T>C]A	X573988	3	aml
C[T>C]C	X573988	1	aml
C[T>C]G	X573988	3	aml
C[T>C]T	X573988	0	aml
C[T>G]A	X573988	1	aml
C[T>G]C	X573988	0	aml
C[T>G]G	X573988	1	aml
C[T>G]T	X573988	0	aml
G[C>A]A	X573988	0	aml
G[C>A]C	X573988	0	aml
G[C>A]G	X573988	1	aml
G[C>A]T	X573988	0	aml
G[C>G]A	X573988	1	aml
G[C>G]C	X573988	0	aml
G[C>G]G	X573988	0	aml
G[C>G]T	X573988	0	aml
G[C>T]A	X573988	2	aml
G[C>T]C	X573988	3	aml
G[C>T]G	X573988	7	aml
G[C>T]T	X573988	5	aml
G[T>A]A	X573988	0	aml
G[T>A]C	X573988	0	aml
G[T>A]G	X573988	0	aml
G[T>A]T	X573988	0	aml
G[T>C]A	X573988	1	aml
G[T>C]C	X573988	2	aml
G[T>C]G	X573988	2	aml
G[T>C]T	X573988	0	aml
G[T>G]A	X573988	0	aml
G[T>G]C	X573988	0	aml
G[T>G]G	X573988	1	aml
G[T>G]T	X573988	0	aml
T[C>A]A	X573988	0	aml
T[C>A]C	X573988	0	aml
T[C>A]G	X573988	0	aml
T[C>A]T	X573988	1	aml
T[C>G]A	X573988	1	aml
T[C>G]C	X573988	1	aml
T[C>G]G	X573988	0	aml
T[C>G]T	X573988	2	aml
T[C>T]A	X573988	2	aml
T[C>T]C	X573988	7	aml
T[C>T]G	X573988	1	aml
T[C>T]T	X573988	3	aml
T[T>A]A	X573988	0	aml
T[T>A]C	X573988	0	aml
T[T>A]G	X573988	3	aml
T[T>A]T	X573988	2	aml
T[T>C]A	X573988	2	aml
T[T>C]C	X573988	1	aml
T[T>C]G	X573988	2	aml
T[T>C]T	X573988	3	aml
T[T>G]A	X573988	2	aml
T[T>G]C	X573988	0	aml
T[T>G]G	X573988	1	aml
T[T>G]T	X573988	1	aml
A[C>A]A	X758168	11	aml
A[C>A]C	X758168	2	aml
A[C>A]G	X758168	1	aml
A[C>A]T	X758168	3	aml
A[C>G]A	X758168	2	aml
A[C>G]C	X758168	2	aml
A[C>G]G	X758168	1	aml
A[C>G]T	X758168	3	aml
A[C>T]A	X758168	15	aml
A[C>T]C	X758168	4	aml
A[C>T]G	X758168	25	aml
A[C>T]T	X758168	10	aml
A[T>A]A	X758168	3	aml
A[T>A]C	X758168	3	aml
A[T>A]G	X758168	4	aml
A[T>A]T	X758168	4	aml
A[T>C]A	X758168	9	aml
A[T>C]C	X758168	1	aml
A[T>C]G	X758168	9	aml
A[T>C]T	X758168	13	aml
A[T>G]A	X758168	2	aml
A[T>G]C	X758168	0	aml
A[T>G]G	X758168	0	aml
A[T>G]T	X758168	1	aml
C[C>A]A	X758168	4	aml
C[C>A]C	X758168	3	aml
C[C>A]G	X758168	1	aml
C[C>A]T	X758168	7	aml
C[C>G]A	X758168	4	aml
C[C>G]C	X758168	1	aml
C[C>G]G	X758168	2	aml
C[C>G]T	X758168	0	aml
C[C>T]A	X758168	9	aml
C[C>T]C	X758168	6	aml
C[C>T]G	X758168	20	aml
C[C>T]T	X758168	10	aml
C[T>A]A	X758168	1	aml
C[T>A]C	X758168	3	aml
C[T>A]G	X758168	5	aml
C[T>A]T	X758168	5	aml
C[T>C]A	X758168	4	aml
C[T>C]C	X758168	1	aml
C[T>C]G	X758168	5	aml
C[T>C]T	X758168	2	aml
C[T>G]A	X758168	2	aml
C[T>G]C	X758168	2	aml
C[T>G]G	X758168	2	aml
C[T>G]T	X758168	2	aml
G[C>A]A	X758168	7	aml
G[C>A]C	X758168	1	aml
G[C>A]G	X758168	0	aml
G[C>A]T	X758168	3	aml
G[C>G]A	X758168	2	aml
G[C>G]C	X758168	0	aml
G[C>G]G	X758168	0	aml
G[C>G]T	X758168	2	aml
G[C>T]A	X758168	6	aml
G[C>T]C	X758168	8	aml
G[C>T]G	X758168	19	aml
G[C>T]T	X758168	10	aml
G[T>A]A	X758168	1	aml
G[T>A]C	X758168	3	aml
G[T>A]G	X758168	1	aml
G[T>A]T	X758168	1	aml
G[T>C]A	X758168	2	aml
G[T>C]C	X758168	5	aml
G[T>C]G	X758168	0	aml
G[T>C]T	X758168	3	aml
G[T>G]A	X758168	1	aml
G[T>G]C	X758168	0	aml
G[T>G]G	X758168	2	aml
G[T>G]T	X758168	1	aml
T[C>A]A	X758168	1	aml
T[C>A]C	X758168	3	aml
T[C>A]G	X758168	0	aml
T[C>A]T	X758168	16	aml
T[C>G]A	X758168	4	aml
T[C>G]C	X758168	0	aml
T[C>G]G	X758168	0	aml
T[C>G]T	X758168	5	aml
T[C>T]A	X758168	4	aml
T[C>T]C	X758168	7	aml
T[C>T]G	X758168	12	aml
T[C>T]T	X758168	10	aml
T[T>A]A	X758168	7	aml
T[T>A]C	X758168	4	aml
T[T>A]G	X758168	0	aml
T[T>A]T	X758168	7	aml
T[T>C]A	X758168	8	aml
T[T>C]C	X758168	11	aml
T[T>C]G	X758168	4	aml
T[T>C]T	X758168	5	aml
T[T>G]A	X758168	2	aml
T[T>G]C	X758168	1	aml
T[T>G]G	X758168	3	aml
T[T>G]T	X758168	7	aml
A[C>A]A	X804168	13	aml
A[C>A]C	X804168	6	aml
A[C>A]G	X804168	1	aml
A[C>A]T	X804168	11	aml
A[C>G]A	X804168	5	aml
A[C>G]C	X804168	4	aml
A[C>G]G	X804168	0	aml
A[C>G]T	X804168	8	aml
A[C>T]A	X804168	25	aml
A[C>T]C	X804168	13	aml
A[C>T]G	X804168	39	aml
A[C>T]T	X804168	12	aml
A[T>A]A	X804168	1	aml
A[T>A]C	X804168	3	aml
A[T>A]G	X804168	3	aml
A[T>A]T	X804168	6	aml
A[T>C]A	X804168	16	aml
A[T>C]C	X804168	3	aml
A[T>C]G	X804168	12	aml
A[T>C]T	X804168	14	aml
A[T>G]A	X804168	4	aml
A[T>G]C	X804168	2	aml
A[T>G]G	X804168	5	aml
A[T>G]T	X804168	1	aml
C[C>A]A	X804168	10	aml
C[C>A]C	X804168	11	aml
C[C>A]G	X804168	2	aml
C[C>A]T	X804168	6	aml
C[C>G]A	X804168	1	aml
C[C>G]C	X804168	2	aml
C[C>G]G	X804168	1	aml
C[C>G]T	X804168	1	aml
C[C>T]A	X804168	9	aml
C[C>T]C	X804168	9	aml
C[C>T]G	X804168	19	aml
C[C>T]T	X804168	25	aml
C[T>A]A	X804168	3	aml
C[T>A]C	X804168	2	aml
C[T>A]G	X804168	3	aml
C[T>A]T	X804168	5	aml
C[T>C]A	X804168	0	aml
C[T>C]C	X804168	8	aml
C[T>C]G	X804168	11	aml
C[T>C]T	X804168	6	aml
C[T>G]A	X804168	6	aml
C[T>G]C	X804168	3	aml
C[T>G]G	X804168	3	aml
C[T>G]T	X804168	2	aml
G[C>A]A	X804168	7	aml
G[C>A]C	X804168	3	aml
G[C>A]G	X804168	0	aml
G[C>A]T	X804168	4	aml
G[C>G]A	X804168	3	aml
G[C>G]C	X804168	1	aml
G[C>G]G	X804168	1	aml
G[C>G]T	X804168	3	aml
G[C>T]A	X804168	16	aml
G[C>T]C	X804168	8	aml
G[C>T]G	X804168	18	aml
G[C>T]T	X804168	22	aml
G[T>A]A	X804168	6	aml
G[T>A]C	X804168	1	aml
G[T>A]G	X804168	2	aml
G[T>A]T	X804168	2	aml
G[T>C]A	X804168	5	aml
G[T>C]C	X804168	5	aml
G[T>C]G	X804168	1	aml
G[T>C]T	X804168	5	aml
G[T>G]A	X804168	2	aml
G[T>G]C	X804168	0	aml
G[T>G]G	X804168	4	aml
G[T>G]T	X804168	3	aml
T[C>A]A	X804168	2	aml
T[C>A]C	X804168	4	aml
T[C>A]G	X804168	2	aml
T[C>A]T	X804168	6	aml
T[C>G]A	X804168	4	aml
T[C>G]C	X804168	1	aml
T[C>G]G	X804168	0	aml
T[C>G]T	X804168	5	aml
T[C>T]A	X804168	7	aml
T[C>T]C	X804168	13	aml
T[C>T]G	X804168	21	aml
T[C>T]T	X804168	12	aml
T[T>A]A	X804168	3	aml
T[T>A]C	X804168	3	aml
T[T>A]G	X804168	1	aml
T[T>A]T	X804168	3	aml
T[T>C]A	X804168	7	aml
T[T>C]C	X804168	5	aml
T[T>C]G	X804168	4	aml
T[T>C]T	X804168	6	aml
T[T>G]A	X804168	3	aml
T[T>G]C	X804168	0	aml
T[T>G]G	X804168	1	aml
T[T>G]T	X804168	6	aml
A[C>A]A	X869586	8	aml
A[C>A]C	X869586	13	aml
A[C>A]G	X869586	2	aml
A[C>A]T	X869586	9	aml
A[C>G]A	X869586	6	aml
A[C>G]C	X869586	2	aml
A[C>G]G	X869586	3	aml
A[C>G]T	X869586	5	aml
A[C>T]A	X869586	25	aml
A[C>T]C	X869586	14	aml
A[C>T]G	X869586	142	aml
A[C>T]T	X869586	19	aml
A[T>A]A	X869586	4	aml
A[T>A]C	X869586	9	aml
A[T>A]G	X869586	8	aml
A[T>A]T	X869586	17	aml
A[T>C]A	X869586	8	aml
A[T>C]C	X869586	9	aml
A[T>C]G	X869586	10	aml
A[T>C]T	X869586	12	aml
A[T>G]A	X869586	2	aml
A[T>G]C	X869586	2	aml
A[T>G]G	X869586	1	aml
A[T>G]T	X869586	2	aml
C[C>A]A	X869586	7	aml
C[C>A]C	X869586	5	aml
C[C>A]G	X869586	0	aml
C[C>A]T	X869586	11	aml
C[C>G]A	X869586	3	aml
C[C>G]C	X869586	1	aml
C[C>G]G	X869586	0	aml
C[C>G]T	X869586	3	aml
C[C>T]A	X869586	16	aml
C[C>T]C	X869586	14	aml
C[C>T]G	X869586	97	aml
C[C>T]T	X869586	15	aml
C[T>A]A	X869586	4	aml
C[T>A]C	X869586	3	aml
C[T>A]G	X869586	3	aml
C[T>A]T	X869586	6	aml
C[T>C]A	X869586	5	aml
C[T>C]C	X869586	6	aml
C[T>C]G	X869586	20	aml
C[T>C]T	X869586	10	aml
C[T>G]A	X869586	1	aml
C[T>G]C	X869586	2	aml
C[T>G]G	X869586	4	aml
C[T>G]T	X869586	8	aml
G[C>A]A	X869586	15	aml
G[C>A]C	X869586	6	aml
G[C>A]G	X869586	2	aml
G[C>A]T	X869586	14	aml
G[C>G]A	X869586	0	aml
G[C>G]C	X869586	2	aml
G[C>G]G	X869586	0	aml
G[C>G]T	X869586	3	aml
G[C>T]A	X869586	11	aml
G[C>T]C	X869586	14	aml
G[C>T]G	X869586	82	aml
G[C>T]T	X869586	17	aml
G[T>A]A	X869586	3	aml
G[T>A]C	X869586	2	aml
G[T>A]G	X869586	1	aml
G[T>A]T	X869586	6	aml
G[T>C]A	X869586	8	aml
G[T>C]C	X869586	5	aml
G[T>C]G	X869586	7	aml
G[T>C]T	X869586	8	aml
G[T>G]A	X869586	1	aml
G[T>G]C	X869586	0	aml
G[T>G]G	X869586	2	aml
G[T>G]T	X869586	0	aml
T[C>A]A	X869586	19	aml
T[C>A]C	X869586	18	aml
T[C>A]G	X869586	2	aml
T[C>A]T	X869586	23	aml
T[C>G]A	X869586	6	aml
T[C>G]C	X869586	2	aml
T[C>G]G	X869586	1	aml
T[C>G]T	X869586	9	aml
T[C>T]A	X869586	31	aml
T[C>T]C	X869586	15	aml
T[C>T]G	X869586	66	aml
T[C>T]T	X869586	32	aml
T[T>A]A	X869586	5	aml
T[T>A]C	X869586	5	aml
T[T>A]G	X869586	3	aml
T[T>A]T	X869586	12	aml
T[T>C]A	X869586	6	aml
T[T>C]C	X869586	5	aml
T[T>C]G	X869586	2	aml
T[T>C]T	X869586	10	aml
T[T>G]A	X869586	2	aml
T[T>G]C	X869586	1	aml
T[T>G]G	X869586	1	aml
T[T>G]T	X869586	7	aml
