Mutation.Type	case_id	number
A[C>A]A	X400220	8
A[C>A]C	X400220	3
A[C>A]G	X400220	0
A[C>A]T	X400220	4
A[C>G]A	X400220	2
A[C>G]C	X400220	0
A[C>G]G	X400220	0
A[C>G]T	X400220	1
A[C>T]A	X400220	13
A[C>T]C	X400220	5
A[C>T]G	X400220	31
A[C>T]T	X400220	5
A[T>A]A	X400220	1
A[T>A]C	X400220	0
A[T>A]G	X400220	0
A[T>A]T	X400220	2
A[T>C]A	X400220	5
A[T>C]C	X400220	1
A[T>C]G	X400220	5
A[T>C]T	X400220	3
A[T>G]A	X400220	2
A[T>G]C	X400220	0
A[T>G]G	X400220	1
A[T>G]T	X400220	2
C[C>A]A	X400220	2
C[C>A]C	X400220	2
C[C>A]G	X400220	1
C[C>A]T	X400220	7
C[C>G]A	X400220	0
C[C>G]C	X400220	1
C[C>G]G	X400220	0
C[C>G]T	X400220	3
C[C>T]A	X400220	5
C[C>T]C	X400220	7
C[C>T]G	X400220	6
C[C>T]T	X400220	7
C[T>A]A	X400220	0
C[T>A]C	X400220	1
C[T>A]G	X400220	0
C[T>A]T	X400220	2
C[T>C]A	X400220	1
C[T>C]C	X400220	2
C[T>C]G	X400220	2
C[T>C]T	X400220	1
C[T>G]A	X400220	2
C[T>G]C	X400220	0
C[T>G]G	X400220	0
C[T>G]T	X400220	1
G[C>A]A	X400220	6
G[C>A]C	X400220	1
G[C>A]G	X400220	1
G[C>A]T	X400220	4
G[C>G]A	X400220	1
G[C>G]C	X400220	0
G[C>G]G	X400220	0
G[C>G]T	X400220	1
G[C>T]A	X400220	8
G[C>T]C	X400220	3
G[C>T]G	X400220	21
G[C>T]T	X400220	6
G[T>A]A	X400220	0
G[T>A]C	X400220	1
G[T>A]G	X400220	0
G[T>A]T	X400220	3
G[T>C]A	X400220	2
G[T>C]C	X400220	2
G[T>C]G	X400220	0
G[T>C]T	X400220	4
G[T>G]A	X400220	0
G[T>G]C	X400220	0
G[T>G]G	X400220	1
G[T>G]T	X400220	1
T[C>A]A	X400220	5
T[C>A]C	X400220	2
T[C>A]G	X400220	1
T[C>A]T	X400220	4
T[C>G]A	X400220	0
T[C>G]C	X400220	1
T[C>G]G	X400220	0
T[C>G]T	X400220	3
T[C>T]A	X400220	3
T[C>T]C	X400220	7
T[C>T]G	X400220	10
T[C>T]T	X400220	8
T[T>A]A	X400220	0
T[T>A]C	X400220	2
T[T>A]G	X400220	0
T[T>A]T	X400220	1
T[T>C]A	X400220	3
T[T>C]C	X400220	1
T[T>C]G	X400220	2
T[T>C]T	X400220	3
T[T>G]A	X400220	0
T[T>G]C	X400220	1
T[T>G]G	X400220	0
T[T>G]T	X400220	1
A[C>A]A	X426980	11
A[C>A]C	X426980	8
A[C>A]G	X426980	2
A[C>A]T	X426980	6
A[C>G]A	X426980	11
A[C>G]C	X426980	4
A[C>G]G	X426980	1
A[C>G]T	X426980	7
A[C>T]A	X426980	44
A[C>T]C	X426980	17
A[C>T]G	X426980	57
A[C>T]T	X426980	18
A[T>A]A	X426980	2
A[T>A]C	X426980	9
A[T>A]G	X426980	10
A[T>A]T	X426980	4
A[T>C]A	X426980	14
A[T>C]C	X426980	5
A[T>C]G	X426980	13
A[T>C]T	X426980	18
A[T>G]A	X426980	3
A[T>G]C	X426980	2
A[T>G]G	X426980	5
A[T>G]T	X426980	4
C[C>A]A	X426980	10
C[C>A]C	X426980	2
C[C>A]G	X426980	0
C[C>A]T	X426980	8
C[C>G]A	X426980	2
C[C>G]C	X426980	2
C[C>G]G	X426980	0
C[C>G]T	X426980	6
C[C>T]A	X426980	24
C[C>T]C	X426980	17
C[C>T]G	X426980	41
C[C>T]T	X426980	33
C[T>A]A	X426980	2
C[T>A]C	X426980	3
C[T>A]G	X426980	4
C[T>A]T	X426980	12
C[T>C]A	X426980	10
C[T>C]C	X426980	6
C[T>C]G	X426980	5
C[T>C]T	X426980	10
C[T>G]A	X426980	0
C[T>G]C	X426980	1
C[T>G]G	X426980	5
C[T>G]T	X426980	8
G[C>A]A	X426980	8
G[C>A]C	X426980	6
G[C>A]G	X426980	1
G[C>A]T	X426980	8
G[C>G]A	X426980	2
G[C>G]C	X426980	0
G[C>G]G	X426980	0
G[C>G]T	X426980	5
G[C>T]A	X426980	19
G[C>T]C	X426980	18
G[C>T]G	X426980	36
G[C>T]T	X426980	23
G[T>A]A	X426980	1
G[T>A]C	X426980	3
G[T>A]G	X426980	0
G[T>A]T	X426980	1
G[T>C]A	X426980	6
G[T>C]C	X426980	7
G[T>C]G	X426980	3
G[T>C]T	X426980	11
G[T>G]A	X426980	1
G[T>G]C	X426980	2
G[T>G]G	X426980	2
G[T>G]T	X426980	2
T[C>A]A	X426980	7
T[C>A]C	X426980	1
T[C>A]G	X426980	1
T[C>A]T	X426980	7
T[C>G]A	X426980	4
T[C>G]C	X426980	3
T[C>G]G	X426980	1
T[C>G]T	X426980	6
T[C>T]A	X426980	11
T[C>T]C	X426980	15
T[C>T]G	X426980	23
T[C>T]T	X426980	16
T[T>A]A	X426980	3
T[T>A]C	X426980	7
T[T>A]G	X426980	4
T[T>A]T	X426980	3
T[T>C]A	X426980	11
T[T>C]C	X426980	0
T[T>C]G	X426980	6
T[T>C]T	X426980	13
T[T>G]A	X426980	2
T[T>G]C	X426980	0
T[T>G]G	X426980	1
T[T>G]T	X426980	6
A[C>A]A	X452198	1
A[C>A]C	X452198	0
A[C>A]G	X452198	0
A[C>A]T	X452198	2
A[C>G]A	X452198	0
A[C>G]C	X452198	1
A[C>G]G	X452198	0
A[C>G]T	X452198	1
A[C>T]A	X452198	1
A[C>T]C	X452198	1
A[C>T]G	X452198	9
A[C>T]T	X452198	5
A[T>A]A	X452198	0
A[T>A]C	X452198	1
A[T>A]G	X452198	0
A[T>A]T	X452198	0
A[T>C]A	X452198	0
A[T>C]C	X452198	1
A[T>C]G	X452198	5
A[T>C]T	X452198	2
A[T>G]A	X452198	2
A[T>G]C	X452198	0
A[T>G]G	X452198	2
A[T>G]T	X452198	1
C[C>A]A	X452198	1
C[C>A]C	X452198	1
C[C>A]G	X452198	0
C[C>A]T	X452198	2
C[C>G]A	X452198	0
C[C>G]C	X452198	1
C[C>G]G	X452198	0
C[C>G]T	X452198	3
C[C>T]A	X452198	2
C[C>T]C	X452198	2
C[C>T]G	X452198	2
C[C>T]T	X452198	3
C[T>A]A	X452198	0
C[T>A]C	X452198	0
C[T>A]G	X452198	2
C[T>A]T	X452198	0
C[T>C]A	X452198	1
C[T>C]C	X452198	2
C[T>C]G	X452198	1
C[T>C]T	X452198	1
C[T>G]A	X452198	0
C[T>G]C	X452198	0
C[T>G]G	X452198	0
C[T>G]T	X452198	1
G[C>A]A	X452198	3
G[C>A]C	X452198	2
G[C>A]G	X452198	0
G[C>A]T	X452198	0
G[C>G]A	X452198	0
G[C>G]C	X452198	0
G[C>G]G	X452198	0
G[C>G]T	X452198	0
G[C>T]A	X452198	0
G[C>T]C	X452198	4
G[C>T]G	X452198	6
G[C>T]T	X452198	3
G[T>A]A	X452198	0
G[T>A]C	X452198	0
G[T>A]G	X452198	0
G[T>A]T	X452198	1
G[T>C]A	X452198	0
G[T>C]C	X452198	0
G[T>C]G	X452198	0
G[T>C]T	X452198	2
G[T>G]A	X452198	0
G[T>G]C	X452198	0
G[T>G]G	X452198	0
G[T>G]T	X452198	0
T[C>A]A	X452198	2
T[C>A]C	X452198	1
T[C>A]G	X452198	0
T[C>A]T	X452198	3
T[C>G]A	X452198	1
T[C>G]C	X452198	2
T[C>G]G	X452198	0
T[C>G]T	X452198	0
T[C>T]A	X452198	3
T[C>T]C	X452198	0
T[C>T]G	X452198	5
T[C>T]T	X452198	1
T[T>A]A	X452198	2
T[T>A]C	X452198	0
T[T>A]G	X452198	1
T[T>A]T	X452198	1
T[T>C]A	X452198	3
T[T>C]C	X452198	0
T[T>C]G	X452198	0
T[T>C]T	X452198	2
T[T>G]A	X452198	0
T[T>G]C	X452198	0
T[T>G]G	X452198	0
T[T>G]T	X452198	1
A[C>A]A	X573988	3
A[C>A]C	X573988	2
A[C>A]G	X573988	0
A[C>A]T	X573988	1
A[C>G]A	X573988	1
A[C>G]C	X573988	0
A[C>G]G	X573988	0
A[C>G]T	X573988	0
A[C>T]A	X573988	6
A[C>T]C	X573988	3
A[C>T]G	X573988	13
A[C>T]T	X573988	3
A[T>A]A	X573988	1
A[T>A]C	X573988	2
A[T>A]G	X573988	0
A[T>A]T	X573988	1
A[T>C]A	X573988	6
A[T>C]C	X573988	0
A[T>C]G	X573988	3
A[T>C]T	X573988	5
A[T>G]A	X573988	1
A[T>G]C	X573988	0
A[T>G]G	X573988	0
A[T>G]T	X573988	0
C[C>A]A	X573988	3
C[C>A]C	X573988	1
C[C>A]G	X573988	0
C[C>A]T	X573988	1
C[C>G]A	X573988	1
C[C>G]C	X573988	1
C[C>G]G	X573988	0
C[C>G]T	X573988	0
C[C>T]A	X573988	2
C[C>T]C	X573988	4
C[C>T]G	X573988	4
C[C>T]T	X573988	2
C[T>A]A	X573988	1
C[T>A]C	X573988	0
C[T>A]G	X573988	0
C[T>A]T	X573988	0
C[T>C]A	X573988	3
C[T>C]C	X573988	1
C[T>C]G	X573988	3
C[T>C]T	X573988	0
C[T>G]A	X573988	1
C[T>G]C	X573988	0
C[T>G]G	X573988	1
C[T>G]T	X573988	0
G[C>A]A	X573988	0
G[C>A]C	X573988	0
G[C>A]G	X573988	1
G[C>A]T	X573988	0
G[C>G]A	X573988	1
G[C>G]C	X573988	0
G[C>G]G	X573988	0
G[C>G]T	X573988	0
G[C>T]A	X573988	2
G[C>T]C	X573988	3
G[C>T]G	X573988	7
G[C>T]T	X573988	5
G[T>A]A	X573988	0
G[T>A]C	X573988	0
G[T>A]G	X573988	0
G[T>A]T	X573988	0
G[T>C]A	X573988	1
G[T>C]C	X573988	2
G[T>C]G	X573988	2
G[T>C]T	X573988	0
G[T>G]A	X573988	0
G[T>G]C	X573988	0
G[T>G]G	X573988	1
G[T>G]T	X573988	0
T[C>A]A	X573988	0
T[C>A]C	X573988	0
T[C>A]G	X573988	0
T[C>A]T	X573988	1
T[C>G]A	X573988	1
T[C>G]C	X573988	1
T[C>G]G	X573988	0
T[C>G]T	X573988	2
T[C>T]A	X573988	2
T[C>T]C	X573988	7
T[C>T]G	X573988	1
T[C>T]T	X573988	3
T[T>A]A	X573988	0
T[T>A]C	X573988	0
T[T>A]G	X573988	3
T[T>A]T	X573988	2
T[T>C]A	X573988	2
T[T>C]C	X573988	1
T[T>C]G	X573988	2
T[T>C]T	X573988	3
T[T>G]A	X573988	2
T[T>G]C	X573988	0
T[T>G]G	X573988	1
T[T>G]T	X573988	1
A[C>A]A	X758168	11
A[C>A]C	X758168	2
A[C>A]G	X758168	1
A[C>A]T	X758168	3
A[C>G]A	X758168	2
A[C>G]C	X758168	2
A[C>G]G	X758168	1
A[C>G]T	X758168	3
A[C>T]A	X758168	15
A[C>T]C	X758168	4
A[C>T]G	X758168	25
A[C>T]T	X758168	10
A[T>A]A	X758168	3
A[T>A]C	X758168	3
A[T>A]G	X758168	4
A[T>A]T	X758168	4
A[T>C]A	X758168	9
A[T>C]C	X758168	1
A[T>C]G	X758168	9
A[T>C]T	X758168	13
A[T>G]A	X758168	2
A[T>G]C	X758168	0
A[T>G]G	X758168	0
A[T>G]T	X758168	1
C[C>A]A	X758168	4
C[C>A]C	X758168	3
C[C>A]G	X758168	1
C[C>A]T	X758168	7
C[C>G]A	X758168	4
C[C>G]C	X758168	1
C[C>G]G	X758168	2
C[C>G]T	X758168	0
C[C>T]A	X758168	9
C[C>T]C	X758168	6
C[C>T]G	X758168	20
C[C>T]T	X758168	10
C[T>A]A	X758168	1
C[T>A]C	X758168	3
C[T>A]G	X758168	5
C[T>A]T	X758168	5
C[T>C]A	X758168	4
C[T>C]C	X758168	1
C[T>C]G	X758168	5
C[T>C]T	X758168	2
C[T>G]A	X758168	2
C[T>G]C	X758168	2
C[T>G]G	X758168	2
C[T>G]T	X758168	2
G[C>A]A	X758168	7
G[C>A]C	X758168	1
G[C>A]G	X758168	0
G[C>A]T	X758168	3
G[C>G]A	X758168	2
G[C>G]C	X758168	0
G[C>G]G	X758168	0
G[C>G]T	X758168	2
G[C>T]A	X758168	6
G[C>T]C	X758168	8
G[C>T]G	X758168	19
G[C>T]T	X758168	10
G[T>A]A	X758168	1
G[T>A]C	X758168	3
G[T>A]G	X758168	1
G[T>A]T	X758168	1
G[T>C]A	X758168	2
G[T>C]C	X758168	5
G[T>C]G	X758168	0
G[T>C]T	X758168	3
G[T>G]A	X758168	1
G[T>G]C	X758168	0
G[T>G]G	X758168	2
G[T>G]T	X758168	1
T[C>A]A	X758168	1
T[C>A]C	X758168	3
T[C>A]G	X758168	0
T[C>A]T	X758168	16
T[C>G]A	X758168	4
T[C>G]C	X758168	0
T[C>G]G	X758168	0
T[C>G]T	X758168	5
T[C>T]A	X758168	4
T[C>T]C	X758168	7
T[C>T]G	X758168	12
T[C>T]T	X758168	10
T[T>A]A	X758168	7
T[T>A]C	X758168	4
T[T>A]G	X758168	0
T[T>A]T	X758168	7
T[T>C]A	X758168	8
T[T>C]C	X758168	11
T[T>C]G	X758168	4
T[T>C]T	X758168	5
T[T>G]A	X758168	2
T[T>G]C	X758168	1
T[T>G]G	X758168	3
T[T>G]T	X758168	7
A[C>A]A	X804168	13
A[C>A]C	X804168	6
A[C>A]G	X804168	1
A[C>A]T	X804168	11
A[C>G]A	X804168	5
A[C>G]C	X804168	4
A[C>G]G	X804168	0
A[C>G]T	X804168	8
A[C>T]A	X804168	25
A[C>T]C	X804168	13
A[C>T]G	X804168	39
A[C>T]T	X804168	12
A[T>A]A	X804168	1
A[T>A]C	X804168	3
A[T>A]G	X804168	3
A[T>A]T	X804168	6
A[T>C]A	X804168	16
A[T>C]C	X804168	3
A[T>C]G	X804168	12
A[T>C]T	X804168	14
A[T>G]A	X804168	4
A[T>G]C	X804168	2
A[T>G]G	X804168	5
A[T>G]T	X804168	1
C[C>A]A	X804168	10
C[C>A]C	X804168	11
C[C>A]G	X804168	2
C[C>A]T	X804168	6
C[C>G]A	X804168	1
C[C>G]C	X804168	2
C[C>G]G	X804168	1
C[C>G]T	X804168	1
C[C>T]A	X804168	9
C[C>T]C	X804168	9
C[C>T]G	X804168	19
C[C>T]T	X804168	25
C[T>A]A	X804168	3
C[T>A]C	X804168	2
C[T>A]G	X804168	3
C[T>A]T	X804168	5
C[T>C]A	X804168	0
C[T>C]C	X804168	8
C[T>C]G	X804168	11
C[T>C]T	X804168	6
C[T>G]A	X804168	6
C[T>G]C	X804168	3
C[T>G]G	X804168	3
C[T>G]T	X804168	2
G[C>A]A	X804168	7
G[C>A]C	X804168	3
G[C>A]G	X804168	0
G[C>A]T	X804168	4
G[C>G]A	X804168	3
G[C>G]C	X804168	1
G[C>G]G	X804168	1
G[C>G]T	X804168	3
G[C>T]A	X804168	16
G[C>T]C	X804168	8
G[C>T]G	X804168	18
G[C>T]T	X804168	22
G[T>A]A	X804168	6
G[T>A]C	X804168	1
G[T>A]G	X804168	2
G[T>A]T	X804168	2
G[T>C]A	X804168	5
G[T>C]C	X804168	5
G[T>C]G	X804168	1
G[T>C]T	X804168	5
G[T>G]A	X804168	2
G[T>G]C	X804168	0
G[T>G]G	X804168	4
G[T>G]T	X804168	3
T[C>A]A	X804168	2
T[C>A]C	X804168	4
T[C>A]G	X804168	2
T[C>A]T	X804168	6
T[C>G]A	X804168	4
T[C>G]C	X804168	1
T[C>G]G	X804168	0
T[C>G]T	X804168	5
T[C>T]A	X804168	7
T[C>T]C	X804168	13
T[C>T]G	X804168	21
T[C>T]T	X804168	12
T[T>A]A	X804168	3
T[T>A]C	X804168	3
T[T>A]G	X804168	1
T[T>A]T	X804168	3
T[T>C]A	X804168	7
T[T>C]C	X804168	5
T[T>C]G	X804168	4
T[T>C]T	X804168	6
T[T>G]A	X804168	3
T[T>G]C	X804168	0
T[T>G]G	X804168	1
T[T>G]T	X804168	6
A[C>A]A	X869586	8
A[C>A]C	X869586	13
A[C>A]G	X869586	2
A[C>A]T	X869586	9
A[C>G]A	X869586	6
A[C>G]C	X869586	2
A[C>G]G	X869586	3
A[C>G]T	X869586	5
A[C>T]A	X869586	25
A[C>T]C	X869586	14
A[C>T]G	X869586	142
A[C>T]T	X869586	19
A[T>A]A	X869586	4
A[T>A]C	X869586	9
A[T>A]G	X869586	8
A[T>A]T	X869586	17
A[T>C]A	X869586	8
A[T>C]C	X869586	9
A[T>C]G	X869586	10
A[T>C]T	X869586	12
A[T>G]A	X869586	2
A[T>G]C	X869586	2
A[T>G]G	X869586	1
A[T>G]T	X869586	2
C[C>A]A	X869586	7
C[C>A]C	X869586	5
C[C>A]G	X869586	0
C[C>A]T	X869586	11
C[C>G]A	X869586	3
C[C>G]C	X869586	1
C[C>G]G	X869586	0
C[C>G]T	X869586	3
C[C>T]A	X869586	16
C[C>T]C	X869586	14
C[C>T]G	X869586	97
C[C>T]T	X869586	15
C[T>A]A	X869586	4
C[T>A]C	X869586	3
C[T>A]G	X869586	3
C[T>A]T	X869586	6
C[T>C]A	X869586	5
C[T>C]C	X869586	6
C[T>C]G	X869586	20
C[T>C]T	X869586	10
C[T>G]A	X869586	1
C[T>G]C	X869586	2
C[T>G]G	X869586	4
C[T>G]T	X869586	8
G[C>A]A	X869586	15
G[C>A]C	X869586	6
G[C>A]G	X869586	2
G[C>A]T	X869586	14
G[C>G]A	X869586	0
G[C>G]C	X869586	2
G[C>G]G	X869586	0
G[C>G]T	X869586	3
G[C>T]A	X869586	11
G[C>T]C	X869586	14
G[C>T]G	X869586	82
G[C>T]T	X869586	17
G[T>A]A	X869586	3
G[T>A]C	X869586	2
G[T>A]G	X869586	1
G[T>A]T	X869586	6
G[T>C]A	X869586	8
G[T>C]C	X869586	5
G[T>C]G	X869586	7
G[T>C]T	X869586	8
G[T>G]A	X869586	1
G[T>G]C	X869586	0
G[T>G]G	X869586	2
G[T>G]T	X869586	0
T[C>A]A	X869586	19
T[C>A]C	X869586	18
T[C>A]G	X869586	2
T[C>A]T	X869586	23
T[C>G]A	X869586	6
T[C>G]C	X869586	2
T[C>G]G	X869586	1
T[C>G]T	X869586	9
T[C>T]A	X869586	31
T[C>T]C	X869586	15
T[C>T]G	X869586	66
T[C>T]T	X869586	32
T[T>A]A	X869586	5
T[T>A]C	X869586	5
T[T>A]G	X869586	3
T[T>A]T	X869586	12
T[T>C]A	X869586	6
T[T>C]C	X869586	5
T[T>C]G	X869586	2
T[T>C]T	X869586	10
T[T>G]A	X869586	2
T[T>G]C	X869586	1
T[T>G]G	X869586	1
T[T>G]T	X869586	7
