Substitution.Type	Trinucleotide	Somatic.Mutation.Type	Signature	Score
C>A	ACA	A[C>A]A	Signature.1A	0.0112
C>A	ACC	A[C>A]C	Signature.1A	0.0092
C>A	ACG	A[C>A]G	Signature.1A	0.0015
C>A	ACT	A[C>A]T	Signature.1A	0.0063
C>A	CCA	C[C>A]A	Signature.1A	0.0067
C>A	CCC	C[C>A]C	Signature.1A	0.0074
C>A	CCG	C[C>A]G	Signature.1A	9e-4
C>A	CCT	C[C>A]T	Signature.1A	0.0073
C>A	GCA	G[C>A]A	Signature.1A	0.0083
C>A	GCC	G[C>A]C	Signature.1A	0.0058
C>A	GCG	G[C>A]G	Signature.1A	6e-4
C>A	GCT	G[C>A]T	Signature.1A	0.0045
C>A	TCA	T[C>A]A	Signature.1A	0.0124
C>A	TCC	T[C>A]C	Signature.1A	0.0113
C>A	TCG	T[C>A]G	Signature.1A	0.0023
C>A	TCT	T[C>A]T	Signature.1A	0.0155
C>G	ACA	A[C>G]A	Signature.1A	0.0018
C>G	ACC	A[C>G]C	Signature.1A	0.0026
C>G	ACG	A[C>G]G	Signature.1A	6e-4
C>G	ACT	A[C>G]T	Signature.1A	0.003
C>G	CCA	C[C>G]A	Signature.1A	0.0013
C>G	CCC	C[C>G]C	Signature.1A	7e-4
C>G	CCG	C[C>G]G	Signature.1A	5e-4
C>G	CCT	C[C>G]T	Signature.1A	0.0014
C>G	GCA	G[C>G]A	Signature.1A	6e-4
C>G	GCC	G[C>G]C	Signature.1A	0.0024
C>G	GCG	G[C>G]G	Signature.1A	0
C>G	GCT	G[C>G]T	Signature.1A	9e-4
C>G	TCA	T[C>G]A	Signature.1A	0.0019
C>G	TCC	T[C>G]C	Signature.1A	0.0021
C>G	TCG	T[C>G]G	Signature.1A	3e-4
C>G	TCT	T[C>G]T	Signature.1A	0.0032
C>T	ACA	A[C>T]A	Signature.1A	0.0297
C>T	ACC	A[C>T]C	Signature.1A	0.0144
C>T	ACG	A[C>T]G	Signature.1A	0.171
C>T	ACT	A[C>T]T	Signature.1A	0.0127
C>T	CCA	C[C>T]A	Signature.1A	0.0211
C>T	CCC	C[C>T]C	Signature.1A	0.0186
C>T	CCG	C[C>T]G	Signature.1A	0.095
C>T	CCT	C[C>T]T	Signature.1A	0.0172
C>T	GCA	G[C>T]A	Signature.1A	0.025
C>T	GCC	G[C>T]C	Signature.1A	0.0272
C>T	GCG	G[C>T]G	Signature.1A	0.1026
C>T	GCT	G[C>T]T	Signature.1A	0.0177
C>T	TCA	T[C>T]A	Signature.1A	0.0145
C>T	TCC	T[C>T]C	Signature.1A	0.0178
C>T	TCG	T[C>T]G	Signature.1A	0.0758
C>T	TCT	T[C>T]T	Signature.1A	0.0138
T>A	ATA	A[T>A]A	Signature.1A	0.004
T>A	ATC	A[T>A]C	Signature.1A	0.0022
T>A	ATG	A[T>A]G	Signature.1A	0.0028
T>A	ATT	A[T>A]T	Signature.1A	0.0083
T>A	CTA	C[T>A]A	Signature.1A	0.0012
T>A	CTC	C[T>A]C	Signature.1A	0.0019
T>A	CTG	C[T>A]G	Signature.1A	0.0015
T>A	CTT	C[T>A]T	Signature.1A	0.0022
T>A	GTA	G[T>A]A	Signature.1A	7e-4
T>A	GTC	G[T>A]C	Signature.1A	5e-4
T>A	GTG	G[T>A]G	Signature.1A	0.0012
T>A	GTT	G[T>A]T	Signature.1A	0.0021
T>A	TTA	T[T>A]A	Signature.1A	0.0055
T>A	TTC	T[T>A]C	Signature.1A	0.002
T>A	TTG	T[T>A]G	Signature.1A	0.0011
T>A	TTT	T[T>A]T	Signature.1A	0.0039
T>C	ATA	A[T>C]A	Signature.1A	0.014
T>C	ATC	A[T>C]C	Signature.1A	0.0063
T>C	ATG	A[T>C]G	Signature.1A	0.0102
T>C	ATT	A[T>C]T	Signature.1A	0.0092
T>C	CTA	C[T>C]A	Signature.1A	0.0042
T>C	CTC	C[T>C]C	Signature.1A	0.0053
T>C	CTG	C[T>C]G	Signature.1A	0.0071
T>C	CTT	C[T>C]T	Signature.1A	0.0068
T>C	GTA	G[T>C]A	Signature.1A	0.0113
T>C	GTC	G[T>C]C	Signature.1A	0.007
T>C	GTG	G[T>C]G	Signature.1A	0.005
T>C	GTT	G[T>C]T	Signature.1A	0.0107
T>C	TTA	T[T>C]A	Signature.1A	0.0081
T>C	TTC	T[T>C]C	Signature.1A	0.0048
T>C	TTG	T[T>C]G	Signature.1A	0.0084
T>C	TTT	T[T>C]T	Signature.1A	0.0061
T>G	ATA	A[T>G]A	Signature.1A	0.0016
T>G	ATC	A[T>G]C	Signature.1A	0.0018
T>G	ATG	A[T>G]G	Signature.1A	0.0014
T>G	ATT	A[T>G]T	Signature.1A	0.0032
T>G	CTA	C[T>G]A	Signature.1A	3e-4
T>G	CTC	C[T>G]C	Signature.1A	0.0021
T>G	CTG	C[T>G]G	Signature.1A	0.0016
T>G	CTT	C[T>G]T	Signature.1A	0.0028
T>G	GTA	G[T>G]A	Signature.1A	1e-4
T>G	GTC	G[T>G]C	Signature.1A	2e-4
T>G	GTG	G[T>G]G	Signature.1A	0.0012
T>G	GTT	G[T>G]T	Signature.1A	8e-4
T>G	TTA	T[T>G]A	Signature.1A	0.0014
T>G	TTC	T[T>G]C	Signature.1A	0.0013
T>G	TTG	T[T>G]G	Signature.1A	0.002
T>G	TTT	T[T>G]T	Signature.1A	0.004
C>A	ACA	A[C>A]A	Signature.1B	0.0104
C>A	ACC	A[C>A]C	Signature.1B	0.0093
C>A	ACG	A[C>A]G	Signature.1B	0.0016
C>A	ACT	A[C>A]T	Signature.1B	0.0067
C>A	CCA	C[C>A]A	Signature.1B	0.009
C>A	CCC	C[C>A]C	Signature.1B	0.0047
C>A	CCG	C[C>A]G	Signature.1B	0.0013
C>A	CCT	C[C>A]T	Signature.1B	0.0098
C>A	GCA	G[C>A]A	Signature.1B	0.0169
C>A	GCC	G[C>A]C	Signature.1B	0.0067
C>A	GCG	G[C>A]G	Signature.1B	0.0015
C>A	GCT	G[C>A]T	Signature.1B	0.0081
C>A	TCA	T[C>A]A	Signature.1B	0.0134
C>A	TCC	T[C>A]C	Signature.1B	0.0119
C>A	TCG	T[C>A]G	Signature.1B	0.0034
C>A	TCT	T[C>A]T	Signature.1B	0.0191
C>G	ACA	A[C>G]A	Signature.1B	0.0051
C>G	ACC	A[C>G]C	Signature.1B	0.0043
C>G	ACG	A[C>G]G	Signature.1B	0.0012
C>G	ACT	A[C>G]T	Signature.1B	0.0054
C>G	CCA	C[C>G]A	Signature.1B	0.0021
C>G	CCC	C[C>G]C	Signature.1B	0.0031
C>G	CCG	C[C>G]G	Signature.1B	0.0012
C>G	CCT	C[C>G]T	Signature.1B	0.0037
C>G	GCA	G[C>G]A	Signature.1B	0.0023
C>G	GCC	G[C>G]C	Signature.1B	0.0029
C>G	GCG	G[C>G]G	Signature.1B	2e-4
C>G	GCT	G[C>G]T	Signature.1B	0.0036
C>G	TCA	T[C>G]A	Signature.1B	0.002
C>G	TCC	T[C>G]C	Signature.1B	0.0036
C>G	TCG	T[C>G]G	Signature.1B	8e-4
C>G	TCT	T[C>G]T	Signature.1B	0.0069
C>T	ACA	A[C>T]A	Signature.1B	0.0265
C>T	ACC	A[C>T]C	Signature.1B	0.0165
C>T	ACG	A[C>T]G	Signature.1B	0.0673
C>T	ACT	A[C>T]T	Signature.1B	0.019
C>T	CCA	C[C>T]A	Signature.1B	0.0248
C>T	CCC	C[C>T]C	Signature.1B	0.0183
C>T	CCG	C[C>T]G	Signature.1B	0.0447
C>T	CCT	C[C>T]T	Signature.1B	0.0226
C>T	GCA	G[C>T]A	Signature.1B	0.0231
C>T	GCC	G[C>T]C	Signature.1B	0.0254
C>T	GCG	G[C>T]G	Signature.1B	0.049
C>T	GCT	G[C>T]T	Signature.1B	0.0231
C>T	TCA	T[C>T]A	Signature.1B	0.0229
C>T	TCC	T[C>T]C	Signature.1B	0.0234
C>T	TCG	T[C>T]G	Signature.1B	0.0382
C>T	TCT	T[C>T]T	Signature.1B	0.0267
T>A	ATA	A[T>A]A	Signature.1B	0.0046
T>A	ATC	A[T>A]C	Signature.1B	0.012
T>A	ATG	A[T>A]G	Signature.1B	0.008
T>A	ATT	A[T>A]T	Signature.1B	0.009
T>A	CTA	C[T>A]A	Signature.1B	0.0014
T>A	CTC	C[T>A]C	Signature.1B	0.0044
T>A	CTG	C[T>A]G	Signature.1B	0.0028
T>A	CTT	C[T>A]T	Signature.1B	0.006
T>A	GTA	G[T>A]A	Signature.1B	0.0017
T>A	GTC	G[T>A]C	Signature.1B	0.003
T>A	GTG	G[T>A]G	Signature.1B	0.002
T>A	GTT	G[T>A]T	Signature.1B	0.0022
T>A	TTA	T[T>A]A	Signature.1B	0.0044
T>A	TTC	T[T>A]C	Signature.1B	0.0055
T>A	TTG	T[T>A]G	Signature.1B	0.0023
T>A	TTT	T[T>A]T	Signature.1B	0.0055
T>C	ATA	A[T>C]A	Signature.1B	0.0322
T>C	ATC	A[T>C]C	Signature.1B	0.0115
T>C	ATG	A[T>C]G	Signature.1B	0.0181
T>C	ATT	A[T>C]T	Signature.1B	0.0307
T>C	CTA	C[T>C]A	Signature.1B	0.008
T>C	CTC	C[T>C]C	Signature.1B	0.0098
T>C	CTG	C[T>C]G	Signature.1B	0.0119
T>C	CTT	C[T>C]T	Signature.1B	0.0159
T>C	GTA	G[T>C]A	Signature.1B	0.0116
T>C	GTC	G[T>C]C	Signature.1B	0.0099
T>C	GTG	G[T>C]G	Signature.1B	0.0101
T>C	GTT	G[T>C]T	Signature.1B	0.0145
T>C	TTA	T[T>C]A	Signature.1B	0.0085
T>C	TTC	T[T>C]C	Signature.1B	0.0104
T>C	TTG	T[T>C]G	Signature.1B	0.0075
T>C	TTT	T[T>C]T	Signature.1B	0.0141
T>G	ATA	A[T>G]A	Signature.1B	0.001
T>G	ATC	A[T>G]C	Signature.1B	9e-4
T>G	ATG	A[T>G]G	Signature.1B	0.0037
T>G	ATT	A[T>G]T	Signature.1B	0.0036
T>G	CTA	C[T>G]A	Signature.1B	9e-4
T>G	CTC	C[T>G]C	Signature.1B	0.0023
T>G	CTG	C[T>G]G	Signature.1B	0.0032
T>G	CTT	C[T>G]T	Signature.1B	0.0071
T>G	GTA	G[T>G]A	Signature.1B	5e-4
T>G	GTC	G[T>G]C	Signature.1B	9e-4
T>G	GTG	G[T>G]G	Signature.1B	0.0047
T>G	GTT	G[T>G]T	Signature.1B	0.0022
T>G	TTA	T[T>G]A	Signature.1B	9e-4
T>G	TTC	T[T>G]C	Signature.1B	0.0035
T>G	TTG	T[T>G]G	Signature.1B	0.0029
T>G	TTT	T[T>G]T	Signature.1B	0.0085
C>A	ACA	A[C>A]A	Signature.2	0.0105
C>A	ACC	A[C>A]C	Signature.2	0.0061
C>A	ACG	A[C>A]G	Signature.2	0.0013
C>A	ACT	A[C>A]T	Signature.2	0.0037
C>A	CCA	C[C>A]A	Signature.2	0.0061
C>A	CCC	C[C>A]C	Signature.2	0.0012
C>A	CCG	C[C>A]G	Signature.2	6e-4
C>A	CCT	C[C>A]T	Signature.2	0.0011
C>A	GCA	G[C>A]A	Signature.2	0.0093
C>A	GCC	G[C>A]C	Signature.2	0.0043
C>A	GCG	G[C>A]G	Signature.2	0.0011
C>A	GCT	G[C>A]T	Signature.2	0.0027
C>A	TCA	T[C>A]A	Signature.2	0.0247
C>A	TCC	T[C>A]C	Signature.2	0.0138
C>A	TCG	T[C>A]G	Signature.2	0.0028
C>A	TCT	T[C>A]T	Signature.2	0.015
C>G	ACA	A[C>G]A	Signature.2	0.0048
C>G	ACC	A[C>G]C	Signature.2	0.0031
C>G	ACG	A[C>G]G	Signature.2	2e-4
C>G	ACT	A[C>G]T	Signature.2	0.0062
C>G	CCA	C[C>G]A	Signature.2	0.0042
C>G	CCC	C[C>G]C	Signature.2	0.0018
C>G	CCG	C[C>G]G	Signature.2	2e-4
C>G	CCT	C[C>G]T	Signature.2	0.0044
C>G	GCA	G[C>G]A	Signature.2	0.0025
C>G	GCC	G[C>G]C	Signature.2	0.0023
C>G	GCG	G[C>G]G	Signature.2	1e-4
C>G	GCT	G[C>G]T	Signature.2	0.0039
C>G	TCA	T[C>G]A	Signature.2	0.1281
C>G	TCC	T[C>G]C	Signature.2	0.0339
C>G	TCG	T[C>G]G	Signature.2	0.0055
C>G	TCT	T[C>G]T	Signature.2	0.1487
C>T	ACA	A[C>T]A	Signature.2	0.0074
C>T	ACC	A[C>T]C	Signature.2	0.0036
C>T	ACG	A[C>T]G	Signature.2	0.0048
C>T	ACT	A[C>T]T	Signature.2	0.0046
C>T	CCA	C[C>T]A	Signature.2	0.0136
C>T	CCC	C[C>T]C	Signature.2	0.0061
C>T	CCG	C[C>T]G	Signature.2	0.0049
C>T	CCT	C[C>T]T	Signature.2	0.0103
C>T	GCA	G[C>T]A	Signature.2	0.0055
C>T	GCC	G[C>T]C	Signature.2	0.0029
C>T	GCG	G[C>T]G	Signature.2	0.002
C>T	GCT	G[C>T]T	Signature.2	0.0041
C>T	TCA	T[C>T]A	Signature.2	0.2116
C>T	TCC	T[C>T]C	Signature.2	0.0512
C>T	TCG	T[C>T]G	Signature.2	0.0266
C>T	TCT	T[C>T]T	Signature.2	0.1043
T>A	ATA	A[T>A]A	Signature.2	0.0021
T>A	ATC	A[T>A]C	Signature.2	0.0024
T>A	ATG	A[T>A]G	Signature.2	0.0029
T>A	ATT	A[T>A]T	Signature.2	0.0025
T>A	CTA	C[T>A]A	Signature.2	3e-4
T>A	CTC	C[T>A]C	Signature.2	0.0016
T>A	CTG	C[T>A]G	Signature.2	0.0032
T>A	CTT	C[T>A]T	Signature.2	0.0025
T>A	GTA	G[T>A]A	Signature.2	4e-4
T>A	GTC	G[T>A]C	Signature.2	0.0012
T>A	GTG	G[T>A]G	Signature.2	0.0014
T>A	GTT	G[T>A]T	Signature.2	0.0019
T>A	TTA	T[T>A]A	Signature.2	0.002
T>A	TTC	T[T>A]C	Signature.2	0.0024
T>A	TTG	T[T>A]G	Signature.2	5e-4
T>A	TTT	T[T>A]T	Signature.2	0.0029
T>C	ATA	A[T>C]A	Signature.2	0.0051
T>C	ATC	A[T>C]C	Signature.2	0.0018
T>C	ATG	A[T>C]G	Signature.2	0.0025
T>C	ATT	A[T>C]T	Signature.2	0.0069
T>C	CTA	C[T>C]A	Signature.2	0.0017
T>C	CTC	C[T>C]C	Signature.2	0.0019
T>C	CTG	C[T>C]G	Signature.2	0.0011
T>C	CTT	C[T>C]T	Signature.2	0.0036
T>C	GTA	G[T>C]A	Signature.2	0.0013
T>C	GTC	G[T>C]C	Signature.2	8e-4
T>C	GTG	G[T>C]G	Signature.2	0.001
T>C	GTT	G[T>C]T	Signature.2	0.0017
T>C	TTA	T[T>C]A	Signature.2	0.0024
T>C	TTC	T[T>C]C	Signature.2	0.0015
T>C	TTG	T[T>C]G	Signature.2	8e-4
T>C	TTT	T[T>C]T	Signature.2	0.0024
T>G	ATA	A[T>G]A	Signature.2	1e-4
T>G	ATC	A[T>G]C	Signature.2	5e-4
T>G	ATG	A[T>G]G	Signature.2	0.0017
T>G	ATT	A[T>G]T	Signature.2	6e-4
T>G	CTA	C[T>G]A	Signature.2	1e-4
T>G	CTC	C[T>G]C	Signature.2	0.0012
T>G	CTG	C[T>G]G	Signature.2	0.0014
T>G	CTT	C[T>G]T	Signature.2	0.0011
T>G	GTA	G[T>G]A	Signature.2	0
T>G	GTC	G[T>G]C	Signature.2	5e-4
T>G	GTG	G[T>G]G	Signature.2	0.0017
T>G	GTT	G[T>G]T	Signature.2	5e-4
T>G	TTA	T[T>G]A	Signature.2	4e-4
T>G	TTC	T[T>G]C	Signature.2	0.0014
T>G	TTG	T[T>G]G	Signature.2	0.0024
T>G	TTT	T[T>G]T	Signature.2	0.002
C>A	ACA	A[C>A]A	Signature.3	0.024
C>A	ACC	A[C>A]C	Signature.3	0.0197
C>A	ACG	A[C>A]G	Signature.3	0.0019
C>A	ACT	A[C>A]T	Signature.3	0.0172
C>A	CCA	C[C>A]A	Signature.3	0.0194
C>A	CCC	C[C>A]C	Signature.3	0.0161
C>A	CCG	C[C>A]G	Signature.3	0.0018
C>A	CCT	C[C>A]T	Signature.3	0.0157
C>A	GCA	G[C>A]A	Signature.3	0.0107
C>A	GCC	G[C>A]C	Signature.3	0.0117
C>A	GCG	G[C>A]G	Signature.3	0.001
C>A	GCT	G[C>A]T	Signature.3	0.0135
C>A	TCA	T[C>A]A	Signature.3	0.0138
C>A	TCC	T[C>A]C	Signature.3	0.0175
C>A	TCG	T[C>A]G	Signature.3	0.0016
C>A	TCT	T[C>A]T	Signature.3	0.0181
C>G	ACA	A[C>G]A	Signature.3	0.0216
C>G	ACC	A[C>G]C	Signature.3	0.0109
C>G	ACG	A[C>G]G	Signature.3	0.0038
C>G	ACT	A[C>G]T	Signature.3	0.0208
C>G	CCA	C[C>G]A	Signature.3	0.0153
C>G	CCC	C[C>G]C	Signature.3	0.0124
C>G	CCG	C[C>G]G	Signature.3	0.0029
C>G	CCT	C[C>G]T	Signature.3	0.0218
C>G	GCA	G[C>G]A	Signature.3	0.0111
C>G	GCC	G[C>G]C	Signature.3	0.009
C>G	GCG	G[C>G]G	Signature.3	0.0011
C>G	GCT	G[C>G]T	Signature.3	0.0164
C>G	TCA	T[C>G]A	Signature.3	0.0175
C>G	TCC	T[C>G]C	Signature.3	0.0179
C>G	TCG	T[C>G]G	Signature.3	0.002
C>G	TCT	T[C>G]T	Signature.3	0.0302
C>T	ACA	A[C>T]A	Signature.3	0.0185
C>T	ACC	A[C>T]C	Signature.3	0.0095
C>T	ACG	A[C>T]G	Signature.3	0.002
C>T	ACT	A[C>T]T	Signature.3	0.0147
C>T	CCA	C[C>T]A	Signature.3	0.0153
C>T	CCC	C[C>T]C	Signature.3	0.0098
C>T	CCG	C[C>T]G	Signature.3	0.0022
C>T	CCT	C[C>T]T	Signature.3	0.0165
C>T	GCA	G[C>T]A	Signature.3	0.0181
C>T	GCC	G[C>T]C	Signature.3	0.0098
C>T	GCG	G[C>T]G	Signature.3	9e-4
C>T	GCT	G[C>T]T	Signature.3	0.0117
C>T	TCA	T[C>T]A	Signature.3	0.0106
C>T	TCC	T[C>T]C	Signature.3	0.0142
C>T	TCG	T[C>T]G	Signature.3	0.001
C>T	TCT	T[C>T]T	Signature.3	0.0091
T>A	ATA	A[T>A]A	Signature.3	0.0097
T>A	ATC	A[T>A]C	Signature.3	0.0088
T>A	ATG	A[T>A]G	Signature.3	0.0079
T>A	ATT	A[T>A]T	Signature.3	0.0099
T>A	CTA	C[T>A]A	Signature.3	0.0071
T>A	CTC	C[T>A]C	Signature.3	0.0133
T>A	CTG	C[T>A]G	Signature.3	0.0115
T>A	CTT	C[T>A]T	Signature.3	0.0163
T>A	GTA	G[T>A]A	Signature.3	0.0045
T>A	GTC	G[T>A]C	Signature.3	0.0062
T>A	GTG	G[T>A]G	Signature.3	0.0086
T>A	GTT	G[T>A]T	Signature.3	0.0088
T>A	TTA	T[T>A]A	Signature.3	0.0066
T>A	TTC	T[T>A]C	Signature.3	0.0096
T>A	TTG	T[T>A]G	Signature.3	0.0067
T>A	TTT	T[T>A]T	Signature.3	0.0145
T>C	ATA	A[T>C]A	Signature.3	0.0138
T>C	ATC	A[T>C]C	Signature.3	0.0089
T>C	ATG	A[T>C]G	Signature.3	0.0128
T>C	ATT	A[T>C]T	Signature.3	0.0175
T>C	CTA	C[T>C]A	Signature.3	0.0077
T>C	CTC	C[T>C]C	Signature.3	0.0139
T>C	CTG	C[T>C]G	Signature.3	0.0089
T>C	CTT	C[T>C]T	Signature.3	0.0117
T>C	GTA	G[T>C]A	Signature.3	0.0081
T>C	GTC	G[T>C]C	Signature.3	0.0064
T>C	GTG	G[T>C]G	Signature.3	0.0069
T>C	GTT	G[T>C]T	Signature.3	0.0086
T>C	TTA	T[T>C]A	Signature.3	0.0091
T>C	TTC	T[T>C]C	Signature.3	0.0105
T>C	TTG	T[T>C]G	Signature.3	0.0066
T>C	TTT	T[T>C]T	Signature.3	0.0108
T>G	ATA	A[T>G]A	Signature.3	8e-4
T>G	ATC	A[T>G]C	Signature.3	0.001
T>G	ATG	A[T>G]G	Signature.3	0.0081
T>G	ATT	A[T>G]T	Signature.3	0.0064
T>G	CTA	C[T>G]A	Signature.3	7e-4
T>G	CTC	C[T>G]C	Signature.3	0.0057
T>G	CTG	C[T>G]G	Signature.3	0.0096
T>G	CTT	C[T>G]T	Signature.3	0.0104
T>G	GTA	G[T>G]A	Signature.3	0.0036
T>G	GTC	G[T>G]C	Signature.3	0.0046
T>G	GTG	G[T>G]G	Signature.3	0.0177
T>G	GTT	G[T>G]T	Signature.3	0.0069
T>G	TTA	T[T>G]A	Signature.3	0.0032
T>G	TTC	T[T>G]C	Signature.3	0.0056
T>G	TTG	T[T>G]G	Signature.3	0.0099
T>G	TTT	T[T>G]T	Signature.3	0.0113
C>A	ACA	A[C>A]A	Signature.4	0.0365
C>A	ACC	A[C>A]C	Signature.4	0.0309
C>A	ACG	A[C>A]G	Signature.4	0.0183
C>A	ACT	A[C>A]T	Signature.4	0.0243
C>A	CCA	C[C>A]A	Signature.4	0.0461
C>A	CCC	C[C>A]C	Signature.4	0.0614
C>A	CCG	C[C>A]G	Signature.4	0.0088
C>A	CCT	C[C>A]T	Signature.4	0.0432
C>A	GCA	G[C>A]A	Signature.4	0.0376
C>A	GCC	G[C>A]C	Signature.4	0.0399
C>A	GCG	G[C>A]G	Signature.4	0.0227
C>A	GCT	G[C>A]T	Signature.4	0.0258
C>A	TCA	T[C>A]A	Signature.4	0.033
C>A	TCC	T[C>A]C	Signature.4	0.0538
C>A	TCG	T[C>A]G	Signature.4	0.0104
C>A	TCT	T[C>A]T	Signature.4	0.037
C>G	ACA	A[C>G]A	Signature.4	0.0097
C>G	ACC	A[C>G]C	Signature.4	0.0054
C>G	ACG	A[C>G]G	Signature.4	0.0031
C>G	ACT	A[C>G]T	Signature.4	0.0054
C>G	CCA	C[C>G]A	Signature.4	0.0105
C>G	CCC	C[C>G]C	Signature.4	0.0097
C>G	CCG	C[C>G]G	Signature.4	0.0063
C>G	CCT	C[C>G]T	Signature.4	0.0094
C>G	GCA	G[C>G]A	Signature.4	0.007
C>G	GCC	G[C>G]C	Signature.4	0.0091
C>G	GCG	G[C>G]G	Signature.4	0.0062
C>G	GCT	G[C>G]T	Signature.4	0.006
C>G	TCA	T[C>G]A	Signature.4	0.0032
C>G	TCC	T[C>G]C	Signature.4	0.0105
C>G	TCG	T[C>G]G	Signature.4	0.0031
C>G	TCT	T[C>G]T	Signature.4	0.005
C>T	ACA	A[C>T]A	Signature.4	0.012
C>T	ACC	A[C>T]C	Signature.4	0.0075
C>T	ACG	A[C>T]G	Signature.4	0.0028
C>T	ACT	A[C>T]T	Signature.4	0.0059
C>T	CCA	C[C>T]A	Signature.4	0.021
C>T	CCC	C[C>T]C	Signature.4	0.0144
C>T	CCG	C[C>T]G	Signature.4	0.0076
C>T	CCT	C[C>T]T	Signature.4	0.0201
C>T	GCA	G[C>T]A	Signature.4	0.0087
C>T	GCC	G[C>T]C	Signature.4	0.008
C>T	GCG	G[C>T]G	Signature.4	0.0023
C>T	GCT	G[C>T]T	Signature.4	0.0082
C>T	TCA	T[C>T]A	Signature.4	0.0035
C>T	TCC	T[C>T]C	Signature.4	0.007
C>T	TCG	T[C>T]G	Signature.4	0.0011
C>T	TCT	T[C>T]T	Signature.4	0.0077
T>A	ATA	A[T>A]A	Signature.4	0.0048
T>A	ATC	A[T>A]C	Signature.4	0.0039
T>A	ATG	A[T>A]G	Signature.4	0.01
T>A	ATT	A[T>A]T	Signature.4	0.003
T>A	CTA	C[T>A]A	Signature.4	0.0075
T>A	CTC	C[T>A]C	Signature.4	0.0111
T>A	CTG	C[T>A]G	Signature.4	0.0342
T>A	CTT	C[T>A]T	Signature.4	0.0115
T>A	GTA	G[T>A]A	Signature.4	0.0069
T>A	GTC	G[T>A]C	Signature.4	0.0052
T>A	GTG	G[T>A]G	Signature.4	0.0133
T>A	GTT	G[T>A]T	Signature.4	0.0045
T>A	TTA	T[T>A]A	Signature.4	0.0045
T>A	TTC	T[T>A]C	Signature.4	0.0046
T>A	TTG	T[T>A]G	Signature.4	0.0082
T>A	TTT	T[T>A]T	Signature.4	0.0045
T>C	ATA	A[T>C]A	Signature.4	0.0084
T>C	ATC	A[T>C]C	Signature.4	0.002
T>C	ATG	A[T>C]G	Signature.4	0.0081
T>C	ATT	A[T>C]T	Signature.4	0.0036
T>C	CTA	C[T>C]A	Signature.4	0.0052
T>C	CTC	C[T>C]C	Signature.4	0.0026
T>C	CTG	C[T>C]G	Signature.4	0.01
T>C	CTT	C[T>C]T	Signature.4	0.0054
T>C	GTA	G[T>C]A	Signature.4	0.0061
T>C	GTC	G[T>C]C	Signature.4	0.0016
T>C	GTG	G[T>C]G	Signature.4	0.0042
T>C	GTT	G[T>C]T	Signature.4	0.0024
T>C	TTA	T[T>C]A	Signature.4	0.0028
T>C	TTC	T[T>C]C	Signature.4	0.0016
T>C	TTG	T[T>C]G	Signature.4	0.0036
T>C	TTT	T[T>C]T	Signature.4	0.0022
T>G	ATA	A[T>G]A	Signature.4	0
T>G	ATC	A[T>G]C	Signature.4	2e-4
T>G	ATG	A[T>G]G	Signature.4	0.0015
T>G	ATT	A[T>G]T	Signature.4	2e-4
T>G	CTA	C[T>G]A	Signature.4	0
T>G	CTC	C[T>G]C	Signature.4	0.0013
T>G	CTG	C[T>G]G	Signature.4	0.0046
T>G	CTT	C[T>G]T	Signature.4	0.0012
T>G	GTA	G[T>G]A	Signature.4	0
T>G	GTC	G[T>G]C	Signature.4	0
T>G	GTG	G[T>G]G	Signature.4	0.0018
T>G	GTT	G[T>G]T	Signature.4	2e-4
T>G	TTA	T[T>G]A	Signature.4	0
T>G	TTC	T[T>G]C	Signature.4	3e-4
T>G	TTG	T[T>G]G	Signature.4	0.003
T>G	TTT	T[T>G]T	Signature.4	0.0011
C>A	ACA	A[C>A]A	Signature.5	0.0149
C>A	ACC	A[C>A]C	Signature.5	0.0089
C>A	ACG	A[C>A]G	Signature.5	0.0022
C>A	ACT	A[C>A]T	Signature.5	0.0092
C>A	CCA	C[C>A]A	Signature.5	0.0097
C>A	CCC	C[C>A]C	Signature.5	0.005
C>A	CCG	C[C>A]G	Signature.5	0.0028
C>A	CCT	C[C>A]T	Signature.5	0.0111
C>A	GCA	G[C>A]A	Signature.5	0.0119
C>A	GCC	G[C>A]C	Signature.5	0.0093
C>A	GCG	G[C>A]G	Signature.5	0.0028
C>A	GCT	G[C>A]T	Signature.5	0.0104
C>A	TCA	T[C>A]A	Signature.5	0.0148
C>A	TCC	T[C>A]C	Signature.5	0.0121
C>A	TCG	T[C>A]G	Signature.5	0.0039
C>A	TCT	T[C>A]T	Signature.5	0.0183
C>G	ACA	A[C>G]A	Signature.5	0.0117
C>G	ACC	A[C>G]C	Signature.5	0.0073
C>G	ACG	A[C>G]G	Signature.5	0.0023
C>G	ACT	A[C>G]T	Signature.5	0.0117
C>G	CCA	C[C>G]A	Signature.5	0.0076
C>G	CCC	C[C>G]C	Signature.5	0.0077
C>G	CCG	C[C>G]G	Signature.5	0.0026
C>G	CCT	C[C>G]T	Signature.5	0.0095
C>G	GCA	G[C>G]A	Signature.5	0.0056
C>G	GCC	G[C>G]C	Signature.5	0.0054
C>G	GCG	G[C>G]G	Signature.5	0.0011
C>G	GCT	G[C>G]T	Signature.5	0.0061
C>G	TCA	T[C>G]A	Signature.5	0.0027
C>G	TCC	T[C>G]C	Signature.5	0.008
C>G	TCG	T[C>G]G	Signature.5	0.0013
C>G	TCT	T[C>G]T	Signature.5	0.0067
C>T	ACA	A[C>T]A	Signature.5	0.0219
C>T	ACC	A[C>T]C	Signature.5	0.0128
C>T	ACG	A[C>T]G	Signature.5	0.0166
C>T	ACT	A[C>T]T	Signature.5	0.0165
C>T	CCA	C[C>T]A	Signature.5	0.0229
C>T	CCC	C[C>T]C	Signature.5	0.0176
C>T	CCG	C[C>T]G	Signature.5	0.0129
C>T	CCT	C[C>T]T	Signature.5	0.0205
C>T	GCA	G[C>T]A	Signature.5	0.0202
C>T	GCC	G[C>T]C	Signature.5	0.0182
C>T	GCG	G[C>T]G	Signature.5	0.0133
C>T	GCT	G[C>T]T	Signature.5	0.0196
C>T	TCA	T[C>T]A	Signature.5	0.0111
C>T	TCC	T[C>T]C	Signature.5	0.0208
C>T	TCG	T[C>T]G	Signature.5	0.0074
C>T	TCT	T[C>T]T	Signature.5	0.0118
T>A	ATA	A[T>A]A	Signature.5	0.0087
T>A	ATC	A[T>A]C	Signature.5	0.0073
T>A	ATG	A[T>A]G	Signature.5	0.0114
T>A	ATT	A[T>A]T	Signature.5	0.0109
T>A	CTA	C[T>A]A	Signature.5	0.005
T>A	CTC	C[T>A]C	Signature.5	0.0062
T>A	CTG	C[T>A]G	Signature.5	0.0105
T>A	CTT	C[T>A]T	Signature.5	0.0098
T>A	GTA	G[T>A]A	Signature.5	0.0067
T>A	GTC	G[T>A]C	Signature.5	0.004
T>A	GTG	G[T>A]G	Signature.5	0.0068
T>A	GTT	G[T>A]T	Signature.5	0.0051
T>A	TTA	T[T>A]A	Signature.5	0.0088
T>A	TTC	T[T>A]C	Signature.5	0.0068
T>A	TTG	T[T>A]G	Signature.5	0.0071
T>A	TTT	T[T>A]T	Signature.5	0.0101
T>C	ATA	A[T>C]A	Signature.5	0.0352
T>C	ATC	A[T>C]C	Signature.5	0.0138
T>C	ATG	A[T>C]G	Signature.5	0.0285
T>C	ATT	A[T>C]T	Signature.5	0.0271
T>C	CTA	C[T>C]A	Signature.5	0.0143
T>C	CTC	C[T>C]C	Signature.5	0.0126
T>C	CTG	C[T>C]G	Signature.5	0.0189
T>C	CTT	C[T>C]T	Signature.5	0.0191
T>C	GTA	G[T>C]A	Signature.5	0.0164
T>C	GTC	G[T>C]C	Signature.5	0.0096
T>C	GTG	G[T>C]G	Signature.5	0.0142
T>C	GTT	G[T>C]T	Signature.5	0.0157
T>C	TTA	T[T>C]A	Signature.5	0.017
T>C	TTC	T[T>C]C	Signature.5	0.0142
T>C	TTG	T[T>C]G	Signature.5	0.0126
T>C	TTT	T[T>C]T	Signature.5	0.0173
T>G	ATA	A[T>G]A	Signature.5	0.0033
T>G	ATC	A[T>G]C	Signature.5	0.0022
T>G	ATG	A[T>G]G	Signature.5	0.0055
T>G	ATT	A[T>G]T	Signature.5	0.0037
T>G	CTA	C[T>G]A	Signature.5	0.002
T>G	CTC	C[T>G]C	Signature.5	0.0035
T>G	CTG	C[T>G]G	Signature.5	0.0072
T>G	CTT	C[T>G]T	Signature.5	0.0116
T>G	GTA	G[T>G]A	Signature.5	0.0016
T>G	GTC	G[T>G]C	Signature.5	3e-4
T>G	GTG	G[T>G]G	Signature.5	0.006
T>G	GTT	G[T>G]T	Signature.5	0.0033
T>G	TTA	T[T>G]A	Signature.5	0.0051
T>G	TTC	T[T>G]C	Signature.5	0.0051
T>G	TTG	T[T>G]G	Signature.5	0.006
T>G	TTT	T[T>G]T	Signature.5	0.0132
C>A	ACA	A[C>A]A	Signature.6	0.0017
C>A	ACC	A[C>A]C	Signature.6	0.0028
C>A	ACG	A[C>A]G	Signature.6	5e-4
C>A	ACT	A[C>A]T	Signature.6	0.0019
C>A	CCA	C[C>A]A	Signature.6	0.0101
C>A	CCC	C[C>A]C	Signature.6	0.0241
C>A	CCG	C[C>A]G	Signature.6	0.0091
C>A	CCT	C[C>A]T	Signature.6	0.0571
C>A	GCA	G[C>A]A	Signature.6	0.0024
C>A	GCC	G[C>A]C	Signature.6	0.0058
C>A	GCG	G[C>A]G	Signature.6	0.0021
C>A	GCT	G[C>A]T	Signature.6	0.0087
C>A	TCA	T[C>A]A	Signature.6	0.0017
C>A	TCC	T[C>A]C	Signature.6	0.0029
C>A	TCG	T[C>A]G	Signature.6	0.0011
C>A	TCT	T[C>A]T	Signature.6	0.0058
C>G	ACA	A[C>G]A	Signature.6	0.0013
C>G	ACC	A[C>G]C	Signature.6	0.0012
C>G	ACG	A[C>G]G	Signature.6	0
C>G	ACT	A[C>G]T	Signature.6	0.0018
C>G	CCA	C[C>G]A	Signature.6	0
C>G	CCC	C[C>G]C	Signature.6	0
C>G	CCG	C[C>G]G	Signature.6	0
C>G	CCT	C[C>G]T	Signature.6	2e-4
C>G	GCA	G[C>G]A	Signature.6	0
C>G	GCC	G[C>G]C	Signature.6	0.003
C>G	GCG	G[C>G]G	Signature.6	0
C>G	GCT	G[C>G]T	Signature.6	0.0017
C>G	TCA	T[C>G]A	Signature.6	0
C>G	TCC	T[C>G]C	Signature.6	2e-4
C>G	TCG	T[C>G]G	Signature.6	0
C>G	TCT	T[C>G]T	Signature.6	1e-4
C>T	ACA	A[C>T]A	Signature.6	0.0312
C>T	ACC	A[C>T]C	Signature.6	0.0163
C>T	ACG	A[C>T]G	Signature.6	0.0908
C>T	ACT	A[C>T]T	Signature.6	0.0149
C>T	CCA	C[C>T]A	Signature.6	0.0085
C>T	CCC	C[C>T]C	Signature.6	0.0099
C>T	CCG	C[C>T]G	Signature.6	0.0901
C>T	CCT	C[C>T]T	Signature.6	0.0087
C>T	GCA	G[C>T]A	Signature.6	0.0653
C>T	GCC	G[C>T]C	Signature.6	0.0773
C>T	GCG	G[C>T]G	Signature.6	0.1339
C>T	GCT	G[C>T]T	Signature.6	0.0524
C>T	TCA	T[C>T]A	Signature.6	0.0074
C>T	TCC	T[C>T]C	Signature.6	0.0067
C>T	TCG	T[C>T]G	Signature.6	0.0391
C>T	TCT	T[C>T]T	Signature.6	0.0047
T>A	ATA	A[T>A]A	Signature.6	6e-4
T>A	ATC	A[T>A]C	Signature.6	0.0033
T>A	ATG	A[T>A]G	Signature.6	0
T>A	ATT	A[T>A]T	Signature.6	0.0053
T>A	CTA	C[T>A]A	Signature.6	1e-4
T>A	CTC	C[T>A]C	Signature.6	0.0026
T>A	CTG	C[T>A]G	Signature.6	8e-4
T>A	CTT	C[T>A]T	Signature.6	0.0011
T>A	GTA	G[T>A]A	Signature.6	0
T>A	GTC	G[T>A]C	Signature.6	0.0028
T>A	GTG	G[T>A]G	Signature.6	6e-4
T>A	GTT	G[T>A]T	Signature.6	0.0021
T>A	TTA	T[T>A]A	Signature.6	2e-4
T>A	TTC	T[T>A]C	Signature.6	8e-4
T>A	TTG	T[T>A]G	Signature.6	0
T>A	TTT	T[T>A]T	Signature.6	7e-4
T>C	ATA	A[T>C]A	Signature.6	0.0075
T>C	ATC	A[T>C]C	Signature.6	0.0056
T>C	ATG	A[T>C]G	Signature.6	0.0217
T>C	ATT	A[T>C]T	Signature.6	0.0023
T>C	CTA	C[T>C]A	Signature.6	0.0062
T>C	CTC	C[T>C]C	Signature.6	0.004
T>C	CTG	C[T>C]G	Signature.6	0.027
T>C	CTT	C[T>C]T	Signature.6	0.0033
T>C	GTA	G[T>C]A	Signature.6	0.0122
T>C	GTC	G[T>C]C	Signature.6	0.0059
T>C	GTG	G[T>C]G	Signature.6	0.0115
T>C	GTT	G[T>C]T	Signature.6	0.0042
T>C	TTA	T[T>C]A	Signature.6	0.0059
T>C	TTC	T[T>C]C	Signature.6	0.0035
T>C	TTG	T[T>C]G	Signature.6	0.0106
T>C	TTT	T[T>C]T	Signature.6	0.0029
T>G	ATA	A[T>G]A	Signature.6	0
T>G	ATC	A[T>G]C	Signature.6	0.0017
T>G	ATG	A[T>G]G	Signature.6	7e-4
T>G	ATT	A[T>G]T	Signature.6	0.0029
T>G	CTA	C[T>G]A	Signature.6	1e-4
T>G	CTC	C[T>G]C	Signature.6	0.004
T>G	CTG	C[T>G]G	Signature.6	0.005
T>G	CTT	C[T>G]T	Signature.6	0.0086
T>G	GTA	G[T>G]A	Signature.6	0
T>G	GTC	G[T>G]C	Signature.6	0.0016
T>G	GTG	G[T>G]G	Signature.6	0.001
T>G	GTT	G[T>G]T	Signature.6	0.0035
T>G	TTA	T[T>G]A	Signature.6	9e-4
T>G	TTC	T[T>G]C	Signature.6	0.0019
T>G	TTG	T[T>G]G	Signature.6	0.0011
T>G	TTT	T[T>G]T	Signature.6	0.0072
C>A	ACA	A[C>A]A	Signature.7	4e-4
C>A	ACC	A[C>A]C	Signature.7	5e-4
C>A	ACG	A[C>A]G	Signature.7	0
C>A	ACT	A[C>A]T	Signature.7	4e-4
C>A	CCA	C[C>A]A	Signature.7	0.0012
C>A	CCC	C[C>A]C	Signature.7	6e-4
C>A	CCG	C[C>A]G	Signature.7	0
C>A	CCT	C[C>A]T	Signature.7	0.0013
C>A	GCA	G[C>A]A	Signature.7	3e-4
C>A	GCC	G[C>A]C	Signature.7	1e-4
C>A	GCG	G[C>A]G	Signature.7	0
C>A	GCT	G[C>A]T	Signature.7	1e-4
C>A	TCA	T[C>A]A	Signature.7	0.001
C>A	TCC	T[C>A]C	Signature.7	0.002
C>A	TCG	T[C>A]G	Signature.7	2e-4
C>A	TCT	T[C>A]T	Signature.7	0.0013
C>G	ACA	A[C>G]A	Signature.7	0
C>G	ACC	A[C>G]C	Signature.7	0
C>G	ACG	A[C>G]G	Signature.7	0
C>G	ACT	A[C>G]T	Signature.7	1e-4
C>G	CCA	C[C>G]A	Signature.7	1e-4
C>G	CCC	C[C>G]C	Signature.7	4e-4
C>G	CCG	C[C>G]G	Signature.7	6e-4
C>G	CCT	C[C>G]T	Signature.7	3e-4
C>G	GCA	G[C>G]A	Signature.7	0
C>G	GCC	G[C>G]C	Signature.7	4e-4
C>G	GCG	G[C>G]G	Signature.7	0
C>G	GCT	G[C>G]T	Signature.7	0
C>G	TCA	T[C>G]A	Signature.7	2e-4
C>G	TCC	T[C>G]C	Signature.7	0.001
C>G	TCG	T[C>G]G	Signature.7	3e-4
C>G	TCT	T[C>G]T	Signature.7	7e-4
C>T	ACA	A[C>T]A	Signature.7	0
C>T	ACC	A[C>T]C	Signature.7	0.0197
C>T	ACG	A[C>T]G	Signature.7	1e-4
C>T	ACT	A[C>T]T	Signature.7	0.0043
C>T	CCA	C[C>T]A	Signature.7	0.0754
C>T	CCC	C[C>T]C	Signature.7	0.1007
C>T	CCG	C[C>T]G	Signature.7	0.0208
C>T	CCT	C[C>T]T	Signature.7	0.0788
C>T	GCA	G[C>T]A	Signature.7	0
C>T	GCC	G[C>T]C	Signature.7	0.021
C>T	GCG	G[C>T]G	Signature.7	2e-4
C>T	GCT	G[C>T]T	Signature.7	0.0161
C>T	TCA	T[C>T]A	Signature.7	0.1202
C>T	TCC	T[C>T]C	Signature.7	0.2887
C>T	TCG	T[C>T]G	Signature.7	0.0992
C>T	TCT	T[C>T]T	Signature.7	0.0844
T>A	ATA	A[T>A]A	Signature.7	0.001
T>A	ATC	A[T>A]C	Signature.7	8e-4
T>A	ATG	A[T>A]G	Signature.7	9e-4
T>A	ATT	A[T>A]T	Signature.7	0.0035
T>A	CTA	C[T>A]A	Signature.7	0
T>A	CTC	C[T>A]C	Signature.7	0.0014
T>A	CTG	C[T>A]G	Signature.7	7e-4
T>A	CTT	C[T>A]T	Signature.7	0.0018
T>A	GTA	G[T>A]A	Signature.7	0
T>A	GTC	G[T>A]C	Signature.7	0
T>A	GTG	G[T>A]G	Signature.7	6e-4
T>A	GTT	G[T>A]T	Signature.7	0.001
T>A	TTA	T[T>A]A	Signature.7	0.001
T>A	TTC	T[T>A]C	Signature.7	0.0015
T>A	TTG	T[T>A]G	Signature.7	0.001
T>A	TTT	T[T>A]T	Signature.7	0.005
T>C	ATA	A[T>C]A	Signature.7	5e-4
T>C	ATC	A[T>C]C	Signature.7	1e-4
T>C	ATG	A[T>C]G	Signature.7	7e-4
T>C	ATT	A[T>C]T	Signature.7	0.0011
T>C	CTA	C[T>C]A	Signature.7	0.001
T>C	CTC	C[T>C]C	Signature.7	8e-4
T>C	CTG	C[T>C]G	Signature.7	0.001
T>C	CTT	C[T>C]T	Signature.7	0.0045
T>C	GTA	G[T>C]A	Signature.7	2e-4
T>C	GTC	G[T>C]C	Signature.7	1e-4
T>C	GTG	G[T>C]G	Signature.7	3e-4
T>C	GTT	G[T>C]T	Signature.7	0.0081
T>C	TTA	T[T>C]A	Signature.7	0.0023
T>C	TTC	T[T>C]C	Signature.7	0.0018
T>C	TTG	T[T>C]G	Signature.7	0.0019
T>C	TTT	T[T>C]T	Signature.7	0.0024
T>G	ATA	A[T>G]A	Signature.7	0
T>G	ATC	A[T>G]C	Signature.7	0
T>G	ATG	A[T>G]G	Signature.7	9e-4
T>G	ATT	A[T>G]T	Signature.7	0
T>G	CTA	C[T>G]A	Signature.7	0
T>G	CTC	C[T>G]C	Signature.7	8e-4
T>G	CTG	C[T>G]G	Signature.7	9e-4
T>G	CTT	C[T>G]T	Signature.7	0.0013
T>G	GTA	G[T>G]A	Signature.7	0
T>G	GTC	G[T>G]C	Signature.7	0
T>G	GTG	G[T>G]G	Signature.7	0.0017
T>G	GTT	G[T>G]T	Signature.7	9e-4
T>G	TTA	T[T>G]A	Signature.7	0
T>G	TTC	T[T>G]C	Signature.7	0.001
T>G	TTG	T[T>G]G	Signature.7	0.001
T>G	TTT	T[T>G]T	Signature.7	0.0014
C>A	ACA	A[C>A]A	Signature.8	0.0368
C>A	ACC	A[C>A]C	Signature.8	0.0287
C>A	ACG	A[C>A]G	Signature.8	0.0017
C>A	ACT	A[C>A]T	Signature.8	0.03
C>A	CCA	C[C>A]A	Signature.8	0.0303
C>A	CCC	C[C>A]C	Signature.8	0.0203
C>A	CCG	C[C>A]G	Signature.8	0
C>A	CCT	C[C>A]T	Signature.8	0.0296
C>A	GCA	G[C>A]A	Signature.8	0.0267
C>A	GCC	G[C>A]C	Signature.8	0.0115
C>A	GCG	G[C>A]G	Signature.8	0
C>A	GCT	G[C>A]T	Signature.8	0.0203
C>A	TCA	T[C>A]A	Signature.8	0.0286
C>A	TCC	T[C>A]C	Signature.8	0.0166
C>A	TCG	T[C>A]G	Signature.8	0.0018
C>A	TCT	T[C>A]T	Signature.8	0.0466
C>G	ACA	A[C>G]A	Signature.8	0.0085
C>G	ACC	A[C>G]C	Signature.8	0.0037
C>G	ACG	A[C>G]G	Signature.8	8e-4
C>G	ACT	A[C>G]T	Signature.8	0.0081
C>G	CCA	C[C>G]A	Signature.8	0.0054
C>G	CCC	C[C>G]C	Signature.8	0.0039
C>G	CCG	C[C>G]G	Signature.8	0.0011
C>G	CCT	C[C>G]T	Signature.8	0.0069
C>G	GCA	G[C>G]A	Signature.8	0.0033
C>G	GCC	G[C>G]C	Signature.8	0.0025
C>G	GCG	G[C>G]G	Signature.8	0
C>G	GCT	G[C>G]T	Signature.8	0.0044
C>G	TCA	T[C>G]A	Signature.8	0.0053
C>G	TCC	T[C>G]C	Signature.8	0.0049
C>G	TCG	T[C>G]G	Signature.8	0
C>G	TCT	T[C>G]T	Signature.8	0.0104
C>T	ACA	A[C>T]A	Signature.8	0.0229
C>T	ACC	A[C>T]C	Signature.8	0.0064
C>T	ACG	A[C>T]G	Signature.8	0.0293
C>T	ACT	A[C>T]T	Signature.8	0.0208
C>T	CCA	C[C>T]A	Signature.8	0.0053
C>T	CCC	C[C>T]C	Signature.8	0.0025
C>T	CCG	C[C>T]G	Signature.8	0.013
C>T	CCT	C[C>T]T	Signature.8	0.0162
C>T	GCA	G[C>T]A	Signature.8	0.0036
C>T	GCC	G[C>T]C	Signature.8	0.0025
C>T	GCG	G[C>T]G	Signature.8	0.0177
C>T	GCT	G[C>T]T	Signature.8	0.0053
C>T	TCA	T[C>T]A	Signature.8	0.0064
C>T	TCC	T[C>T]C	Signature.8	0.0066
C>T	TCG	T[C>T]G	Signature.8	0.0094
C>T	TCT	T[C>T]T	Signature.8	0.0145
T>A	ATA	A[T>A]A	Signature.8	0.0113
T>A	ATC	A[T>A]C	Signature.8	0.0094
T>A	ATG	A[T>A]G	Signature.8	0.0105
T>A	ATT	A[T>A]T	Signature.8	0.0264
T>A	CTA	C[T>A]A	Signature.8	0.0094
T>A	CTC	C[T>A]C	Signature.8	0.0132
T>A	CTG	C[T>A]G	Signature.8	0.0121
T>A	CTT	C[T>A]T	Signature.8	0.0205
T>A	GTA	G[T>A]A	Signature.8	0.0063
T>A	GTC	G[T>A]C	Signature.8	0.0055
T>A	GTG	G[T>A]G	Signature.8	0.0062
T>A	GTT	G[T>A]T	Signature.8	0.0139
T>A	TTA	T[T>A]A	Signature.8	0.0192
T>A	TTC	T[T>A]C	Signature.8	0.0099
T>A	TTG	T[T>A]G	Signature.8	0.0067
T>A	TTT	T[T>A]T	Signature.8	0.0241
T>C	ATA	A[T>C]A	Signature.8	0.0164
T>C	ATC	A[T>C]C	Signature.8	0.0075
T>C	ATG	A[T>C]G	Signature.8	0.0085
T>C	ATT	A[T>C]T	Signature.8	0.0198
T>C	CTA	C[T>C]A	Signature.8	0.0061
T>C	CTC	C[T>C]C	Signature.8	0.0108
T>C	CTG	C[T>C]G	Signature.8	0.0081
T>C	CTT	C[T>C]T	Signature.8	0.0119
T>C	GTA	G[T>C]A	Signature.8	0.0068
T>C	GTC	G[T>C]C	Signature.8	0.0057
T>C	GTG	G[T>C]G	Signature.8	0.0053
T>C	GTT	G[T>C]T	Signature.8	0.0071
T>C	TTA	T[T>C]A	Signature.8	0.0066
T>C	TTC	T[T>C]C	Signature.8	0.0074
T>C	TTG	T[T>C]G	Signature.8	0.0029
T>C	TTT	T[T>C]T	Signature.8	0.0118
T>G	ATA	A[T>G]A	Signature.8	0.0054
T>G	ATC	A[T>G]C	Signature.8	8e-4
T>G	ATG	A[T>G]G	Signature.8	0.0061
T>G	ATT	A[T>G]T	Signature.8	0.0042
T>G	CTA	C[T>G]A	Signature.8	0.0028
T>G	CTC	C[T>G]C	Signature.8	0.0012
T>G	CTG	C[T>G]G	Signature.8	0.006
T>G	CTT	C[T>G]T	Signature.8	0.0077
T>G	GTA	G[T>G]A	Signature.8	2e-4
T>G	GTC	G[T>G]C	Signature.8	0
T>G	GTG	G[T>G]G	Signature.8	0.0058
T>G	GTT	G[T>G]T	Signature.8	0.0075
T>G	TTA	T[T>G]A	Signature.8	0.0029
T>G	TTC	T[T>G]C	Signature.8	0.0031
T>G	TTG	T[T>G]G	Signature.8	0.0067
T>G	TTT	T[T>G]T	Signature.8	0.0112
C>A	ACA	A[C>A]A	Signature.9	0.012
C>A	ACC	A[C>A]C	Signature.9	0.0067
C>A	ACG	A[C>A]G	Signature.9	5e-4
C>A	ACT	A[C>A]T	Signature.9	0.0068
C>A	CCA	C[C>A]A	Signature.9	0.0098
C>A	CCC	C[C>A]C	Signature.9	0.0057
C>A	CCG	C[C>A]G	Signature.9	0
C>A	CCT	C[C>A]T	Signature.9	0.0091
C>A	GCA	G[C>A]A	Signature.9	0.0118
C>A	GCC	G[C>A]C	Signature.9	0.0092
C>A	GCG	G[C>A]G	Signature.9	0
C>A	GCT	G[C>A]T	Signature.9	0.0085
C>A	TCA	T[C>A]A	Signature.9	0.0222
C>A	TCC	T[C>A]C	Signature.9	0.0043
C>A	TCG	T[C>A]G	Signature.9	0
C>A	TCT	T[C>A]T	Signature.9	0.0322
C>G	ACA	A[C>G]A	Signature.9	0.0048
C>G	ACC	A[C>G]C	Signature.9	0.0023
C>G	ACG	A[C>G]G	Signature.9	0
C>G	ACT	A[C>G]T	Signature.9	0.0038
C>G	CCA	C[C>G]A	Signature.9	0.0018
C>G	CCC	C[C>G]C	Signature.9	0.002
C>G	CCG	C[C>G]G	Signature.9	0
C>G	CCT	C[C>G]T	Signature.9	0.0039
C>G	GCA	G[C>G]A	Signature.9	0.0011
C>G	GCC	G[C>G]C	Signature.9	0.0029
C>G	GCG	G[C>G]G	Signature.9	0
C>G	GCT	G[C>G]T	Signature.9	0.0044
C>G	TCA	T[C>G]A	Signature.9	0.0033
C>G	TCC	T[C>G]C	Signature.9	0.0025
C>G	TCG	T[C>G]G	Signature.9	0
C>G	TCT	T[C>G]T	Signature.9	0.0049
C>T	ACA	A[C>T]A	Signature.9	0.0093
C>T	ACC	A[C>T]C	Signature.9	0.0056
C>T	ACG	A[C>T]G	Signature.9	0.0125
C>T	ACT	A[C>T]T	Signature.9	0.0076
C>T	CCA	C[C>T]A	Signature.9	0.0098
C>T	CCC	C[C>T]C	Signature.9	0.0069
C>T	CCG	C[C>T]G	Signature.9	0.0076
C>T	CCT	C[C>T]T	Signature.9	0.0097
C>T	GCA	G[C>T]A	Signature.9	0.0062
C>T	GCC	G[C>T]C	Signature.9	0.0069
C>T	GCG	G[C>T]G	Signature.9	0.0088
C>T	GCT	G[C>T]T	Signature.9	0.0101
C>T	TCA	T[C>T]A	Signature.9	0.005
C>T	TCC	T[C>T]C	Signature.9	0.0084
C>T	TCG	T[C>T]G	Signature.9	0.0047
C>T	TCT	T[C>T]T	Signature.9	0.0096
T>A	ATA	A[T>A]A	Signature.9	0.0121
T>A	ATC	A[T>A]C	Signature.9	0.0042
T>A	ATG	A[T>A]G	Signature.9	0.0068
T>A	ATT	A[T>A]T	Signature.9	0.0185
T>A	CTA	C[T>A]A	Signature.9	0.0055
T>A	CTC	C[T>A]C	Signature.9	0.0049
T>A	CTG	C[T>A]G	Signature.9	0.0051
T>A	CTT	C[T>A]T	Signature.9	0.0069
T>A	GTA	G[T>A]A	Signature.9	0.003
T>A	GTC	G[T>A]C	Signature.9	0.0029
T>A	GTG	G[T>A]G	Signature.9	0.0028
T>A	GTT	G[T>A]T	Signature.9	0.0036
T>A	TTA	T[T>A]A	Signature.9	0.0215
T>A	TTC	T[T>A]C	Signature.9	0.0027
T>A	TTG	T[T>A]G	Signature.9	0.014
T>A	TTT	T[T>A]T	Signature.9	0.0139
T>C	ATA	A[T>C]A	Signature.9	0.0252
T>C	ATC	A[T>C]C	Signature.9	0.0105
T>C	ATG	A[T>C]G	Signature.9	0.0176
T>C	ATT	A[T>C]T	Signature.9	0.0247
T>C	CTA	C[T>C]A	Signature.9	0.0154
T>C	CTC	C[T>C]C	Signature.9	0.0118
T>C	CTG	C[T>C]G	Signature.9	0.0154
T>C	CTT	C[T>C]T	Signature.9	0.0275
T>C	GTA	G[T>C]A	Signature.9	0.0091
T>C	GTC	G[T>C]C	Signature.9	0.0097
T>C	GTG	G[T>C]G	Signature.9	0.0094
T>C	GTT	G[T>C]T	Signature.9	0.0126
T>C	TTA	T[T>C]A	Signature.9	0.0156
T>C	TTC	T[T>C]C	Signature.9	0.0137
T>C	TTG	T[T>C]G	Signature.9	0.0098
T>C	TTT	T[T>C]T	Signature.9	0.0309
T>G	ATA	A[T>G]A	Signature.9	0.0335
T>G	ATC	A[T>G]C	Signature.9	0.0051
T>G	ATG	A[T>G]G	Signature.9	0.0052
T>G	ATT	A[T>G]T	Signature.9	0.0193
T>G	CTA	C[T>G]A	Signature.9	0.0216
T>G	CTC	C[T>G]C	Signature.9	0.0064
T>G	CTG	C[T>G]G	Signature.9	0.0126
T>G	CTT	C[T>G]T	Signature.9	0.0509
T>G	GTA	G[T>G]A	Signature.9	0.0072
T>G	GTC	G[T>G]C	Signature.9	6e-4
T>G	GTG	G[T>G]G	Signature.9	0.005
T>G	GTT	G[T>G]T	Signature.9	0.0185
T>G	TTA	T[T>G]A	Signature.9	0.0502
T>G	TTC	T[T>G]C	Signature.9	0.0081
T>G	TTG	T[T>G]G	Signature.9	0.0088
T>G	TTT	T[T>G]T	Signature.9	0.0545
C>A	ACA	A[C>A]A	Signature.10	7e-4
C>A	ACC	A[C>A]C	Signature.10	0.001
C>A	ACG	A[C>A]G	Signature.10	3e-4
C>A	ACT	A[C>A]T	Signature.10	0.0092
C>A	CCA	C[C>A]A	Signature.10	0.0031
C>A	CCC	C[C>A]C	Signature.10	9e-4
C>A	CCG	C[C>A]G	Signature.10	7e-4
C>A	CCT	C[C>A]T	Signature.10	0.016
C>A	GCA	G[C>A]A	Signature.10	0.0014
C>A	GCC	G[C>A]C	Signature.10	0.0022
C>A	GCG	G[C>A]G	Signature.10	2e-4
C>A	GCT	G[C>A]T	Signature.10	0.0088
C>A	TCA	T[C>A]A	Signature.10	0.0374
C>A	TCC	T[C>A]C	Signature.10	0.0103
C>A	TCG	T[C>A]G	Signature.10	0.0031
C>A	TCT	T[C>A]T	Signature.10	0.3083
C>G	ACA	A[C>G]A	Signature.10	5e-4
C>G	ACC	A[C>G]C	Signature.10	3e-4
C>G	ACG	A[C>G]G	Signature.10	0
C>G	ACT	A[C>G]T	Signature.10	2e-4
C>G	CCA	C[C>G]A	Signature.10	0
C>G	CCC	C[C>G]C	Signature.10	0
C>G	CCG	C[C>G]G	Signature.10	0
C>G	CCT	C[C>G]T	Signature.10	0
C>G	GCA	G[C>G]A	Signature.10	0
C>G	GCC	G[C>G]C	Signature.10	2e-4
C>G	GCG	G[C>G]G	Signature.10	0
C>G	GCT	G[C>G]T	Signature.10	4e-4
C>G	TCA	T[C>G]A	Signature.10	0
C>G	TCC	T[C>G]C	Signature.10	0
C>G	TCG	T[C>G]G	Signature.10	0
C>G	TCT	T[C>G]T	Signature.10	1e-4
C>T	ACA	A[C>T]A	Signature.10	0
C>T	ACC	A[C>T]C	Signature.10	0.0032
C>T	ACG	A[C>T]G	Signature.10	0.0126
C>T	ACT	A[C>T]T	Signature.10	0.0047
C>T	CCA	C[C>T]A	Signature.10	0.0012
C>T	CCC	C[C>T]C	Signature.10	0.0024
C>T	CCG	C[C>T]G	Signature.10	0.0109
C>T	CCT	C[C>T]T	Signature.10	0.0043
C>T	GCA	G[C>T]A	Signature.10	0
C>T	GCC	G[C>T]C	Signature.10	0.0134
C>T	GCG	G[C>T]G	Signature.10	0.027
C>T	GCT	G[C>T]T	Signature.10	0.0152
C>T	TCA	T[C>T]A	Signature.10	0.0037
C>T	TCC	T[C>T]C	Signature.10	0.0211
C>T	TCG	T[C>T]G	Signature.10	0.2141
C>T	TCT	T[C>T]T	Signature.10	0.0392
T>A	ATA	A[T>A]A	Signature.10	0
T>A	ATC	A[T>A]C	Signature.10	2e-4
T>A	ATG	A[T>A]G	Signature.10	0
T>A	ATT	A[T>A]T	Signature.10	0.0012
T>A	CTA	C[T>A]A	Signature.10	0
T>A	CTC	C[T>A]C	Signature.10	1e-4
T>A	CTG	C[T>A]G	Signature.10	3e-4
T>A	CTT	C[T>A]T	Signature.10	9e-4
T>A	GTA	G[T>A]A	Signature.10	0
T>A	GTC	G[T>A]C	Signature.10	1e-4
T>A	GTG	G[T>A]G	Signature.10	0
T>A	GTT	G[T>A]T	Signature.10	4e-4
T>A	TTA	T[T>A]A	Signature.10	0
T>A	TTC	T[T>A]C	Signature.10	8e-4
T>A	TTG	T[T>A]G	Signature.10	0
T>A	TTT	T[T>A]T	Signature.10	0.0028
T>C	ATA	A[T>C]A	Signature.10	0.0031
T>C	ATC	A[T>C]C	Signature.10	0.0052
T>C	ATG	A[T>C]G	Signature.10	0.0026
T>C	ATT	A[T>C]T	Signature.10	0.004
T>C	CTA	C[T>C]A	Signature.10	5e-4
T>C	CTC	C[T>C]C	Signature.10	0.0019
T>C	CTG	C[T>C]G	Signature.10	0.0015
T>C	CTT	C[T>C]T	Signature.10	0.002
T>C	GTA	G[T>C]A	Signature.10	0.0064
T>C	GTC	G[T>C]C	Signature.10	0.0101
T>C	GTG	G[T>C]G	Signature.10	0.0054
T>C	GTT	G[T>C]T	Signature.10	0.0124
T>C	TTA	T[T>C]A	Signature.10	0.003
T>C	TTC	T[T>C]C	Signature.10	0.0097
T>C	TTG	T[T>C]G	Signature.10	0.0065
T>C	TTT	T[T>C]T	Signature.10	0.0099
T>G	ATA	A[T>G]A	Signature.10	0
T>G	ATC	A[T>G]C	Signature.10	0.004
T>G	ATG	A[T>G]G	Signature.10	0.0015
T>G	ATT	A[T>G]T	Signature.10	0.0137
T>G	CTA	C[T>G]A	Signature.10	0.0022
T>G	CTC	C[T>G]C	Signature.10	0.0018
T>G	CTG	C[T>G]G	Signature.10	0.0037
T>G	CTT	C[T>G]T	Signature.10	0.0182
T>G	GTA	G[T>G]A	Signature.10	0
T>G	GTC	G[T>G]C	Signature.10	0.002
T>G	GTG	G[T>G]G	Signature.10	9e-4
T>G	GTT	G[T>G]T	Signature.10	0.003
T>G	TTA	T[T>G]A	Signature.10	0.005
T>G	TTC	T[T>G]C	Signature.10	0.0092
T>G	TTG	T[T>G]G	Signature.10	0.0022
T>G	TTT	T[T>G]T	Signature.10	0.0633
C>A	ACA	A[C>A]A	Signature.11	2e-4
C>A	ACC	A[C>A]C	Signature.11	0.001
C>A	ACG	A[C>A]G	Signature.11	0
C>A	ACT	A[C>A]T	Signature.11	2e-4
C>A	CCA	C[C>A]A	Signature.11	7e-4
C>A	CCC	C[C>A]C	Signature.11	0.0017
C>A	CCG	C[C>A]G	Signature.11	0.001
C>A	CCT	C[C>A]T	Signature.11	0.0014
C>A	GCA	G[C>A]A	Signature.11	4e-4
C>A	GCC	G[C>A]C	Signature.11	0.001
C>A	GCG	G[C>A]G	Signature.11	0
C>A	GCT	G[C>A]T	Signature.11	6e-4
C>A	TCA	T[C>A]A	Signature.11	9e-4
C>A	TCC	T[C>A]C	Signature.11	0.0025
C>A	TCG	T[C>A]G	Signature.11	1e-4
C>A	TCT	T[C>A]T	Signature.11	4e-4
C>G	ACA	A[C>G]A	Signature.11	7e-4
C>G	ACC	A[C>G]C	Signature.11	3e-4
C>G	ACG	A[C>G]G	Signature.11	0
C>G	ACT	A[C>G]T	Signature.11	9e-4
C>G	CCA	C[C>G]A	Signature.11	0
C>G	CCC	C[C>G]C	Signature.11	2e-4
C>G	CCG	C[C>G]G	Signature.11	8e-4
C>G	CCT	C[C>G]T	Signature.11	2e-4
C>G	GCA	G[C>G]A	Signature.11	0
C>G	GCC	G[C>G]C	Signature.11	2e-4
C>G	GCG	G[C>G]G	Signature.11	0
C>G	GCT	G[C>G]T	Signature.11	0
C>G	TCA	T[C>G]A	Signature.11	1e-4
C>G	TCC	T[C>G]C	Signature.11	0.0011
C>G	TCG	T[C>G]G	Signature.11	3e-4
C>G	TCT	T[C>G]T	Signature.11	8e-4
C>T	ACA	A[C>T]A	Signature.11	0.0225
C>T	ACC	A[C>T]C	Signature.11	0.1099
C>T	ACG	A[C>T]G	Signature.11	0.0072
C>T	ACT	A[C>T]T	Signature.11	0.0639
C>T	CCA	C[C>T]A	Signature.11	0.031
C>T	CCC	C[C>T]C	Signature.11	0.1518
C>T	CCG	C[C>T]G	Signature.11	0.0135
C>T	CCT	C[C>T]T	Signature.11	0.0816
C>T	GCA	G[C>T]A	Signature.11	0.0261
C>T	GCC	G[C>T]C	Signature.11	0.0975
C>T	GCG	G[C>T]G	Signature.11	0.009
C>T	GCT	G[C>T]T	Signature.11	0.0522
C>T	TCA	T[C>T]A	Signature.11	0.0302
C>T	TCC	T[C>T]C	Signature.11	0.1589
C>T	TCG	T[C>T]G	Signature.11	0.008
C>T	TCT	T[C>T]T	Signature.11	0.0954
T>A	ATA	A[T>A]A	Signature.11	2e-4
T>A	ATC	A[T>A]C	Signature.11	1e-4
T>A	ATG	A[T>A]G	Signature.11	7e-4
T>A	ATT	A[T>A]T	Signature.11	3e-4
T>A	CTA	C[T>A]A	Signature.11	4e-4
T>A	CTC	C[T>A]C	Signature.11	0.0011
T>A	CTG	C[T>A]G	Signature.11	6e-4
T>A	CTT	C[T>A]T	Signature.11	4e-4
T>A	GTA	G[T>A]A	Signature.11	3e-4
T>A	GTC	G[T>A]C	Signature.11	3e-4
T>A	GTG	G[T>A]G	Signature.11	4e-4
T>A	GTT	G[T>A]T	Signature.11	1e-4
T>A	TTA	T[T>A]A	Signature.11	3e-4
T>A	TTC	T[T>A]C	Signature.11	0
T>A	TTG	T[T>A]G	Signature.11	0
T>A	TTT	T[T>A]T	Signature.11	8e-4
T>C	ATA	A[T>C]A	Signature.11	6e-4
T>C	ATC	A[T>C]C	Signature.11	0.0015
T>C	ATG	A[T>C]G	Signature.11	8e-4
T>C	ATT	A[T>C]T	Signature.11	3e-4
T>C	CTA	C[T>C]A	Signature.11	1e-4
T>C	CTC	C[T>C]C	Signature.11	4e-4
T>C	CTG	C[T>C]G	Signature.11	1e-4
T>C	CTT	C[T>C]T	Signature.11	9e-4
T>C	GTA	G[T>C]A	Signature.11	0.001
T>C	GTC	G[T>C]C	Signature.11	0.0016
T>C	GTG	G[T>C]G	Signature.11	0.0019
T>C	GTT	G[T>C]T	Signature.11	0.0023
T>C	TTA	T[T>C]A	Signature.11	2e-4
T>C	TTC	T[T>C]C	Signature.11	9e-4
T>C	TTG	T[T>C]G	Signature.11	7e-4
T>C	TTT	T[T>C]T	Signature.11	5e-4
T>G	ATA	A[T>G]A	Signature.11	0
T>G	ATC	A[T>G]C	Signature.11	0
T>G	ATG	A[T>G]G	Signature.11	1e-4
T>G	ATT	A[T>G]T	Signature.11	0
T>G	CTA	C[T>G]A	Signature.11	0
T>G	CTC	C[T>G]C	Signature.11	1e-4
T>G	CTG	C[T>G]G	Signature.11	0.0011
T>G	CTT	C[T>G]T	Signature.11	9e-4
T>G	GTA	G[T>G]A	Signature.11	0
T>G	GTC	G[T>G]C	Signature.11	0
T>G	GTG	G[T>G]G	Signature.11	0.001
T>G	GTT	G[T>G]T	Signature.11	0
T>G	TTA	T[T>G]A	Signature.11	0
T>G	TTC	T[T>G]C	Signature.11	0
T>G	TTG	T[T>G]G	Signature.11	3e-4
T>G	TTT	T[T>G]T	Signature.11	3e-4
C>A	ACA	A[C>A]A	Signature.12	0.0077
C>A	ACC	A[C>A]C	Signature.12	0.0047
C>A	ACG	A[C>A]G	Signature.12	0.0017
C>A	ACT	A[C>A]T	Signature.12	0.0046
C>A	CCA	C[C>A]A	Signature.12	0.0135
C>A	CCC	C[C>A]C	Signature.12	0.0112
C>A	CCG	C[C>A]G	Signature.12	0.0028
C>A	CCT	C[C>A]T	Signature.12	0.0071
C>A	GCA	G[C>A]A	Signature.12	0.0062
C>A	GCC	G[C>A]C	Signature.12	0.0056
C>A	GCG	G[C>A]G	Signature.12	0.0015
C>A	GCT	G[C>A]T	Signature.12	0.0027
C>A	TCA	T[C>A]A	Signature.12	0.0066
C>A	TCC	T[C>A]C	Signature.12	0.0099
C>A	TCG	T[C>A]G	Signature.12	0.0019
C>A	TCT	T[C>A]T	Signature.12	0.0049
C>G	ACA	A[C>G]A	Signature.12	0.0031
C>G	ACC	A[C>G]C	Signature.12	0.0015
C>G	ACG	A[C>G]G	Signature.12	0
C>G	ACT	A[C>G]T	Signature.12	0.0025
C>G	CCA	C[C>G]A	Signature.12	0.0019
C>G	CCC	C[C>G]C	Signature.12	0.0019
C>G	CCG	C[C>G]G	Signature.12	0
C>G	CCT	C[C>G]T	Signature.12	0.0019
C>G	GCA	G[C>G]A	Signature.12	0.0012
C>G	GCC	G[C>G]C	Signature.12	0.0011
C>G	GCG	G[C>G]G	Signature.12	0
C>G	GCT	G[C>G]T	Signature.12	9e-4
C>G	TCA	T[C>G]A	Signature.12	0.0024
C>G	TCC	T[C>G]C	Signature.12	0.0027
C>G	TCG	T[C>G]G	Signature.12	0
C>G	TCT	T[C>G]T	Signature.12	0.0015
C>T	ACA	A[C>T]A	Signature.12	0.0121
C>T	ACC	A[C>T]C	Signature.12	0.0054
C>T	ACG	A[C>T]G	Signature.12	0.0019
C>T	ACT	A[C>T]T	Signature.12	0.0067
C>T	CCA	C[C>T]A	Signature.12	0.0187
C>T	CCC	C[C>T]C	Signature.12	0.0094
C>T	CCG	C[C>T]G	Signature.12	0.0046
C>T	CCT	C[C>T]T	Signature.12	0.0205
C>T	GCA	G[C>T]A	Signature.12	0.0124
C>T	GCC	G[C>T]C	Signature.12	0.0092
C>T	GCG	G[C>T]G	Signature.12	0.0023
C>T	GCT	G[C>T]T	Signature.12	0.0115
C>T	TCA	T[C>T]A	Signature.12	0.0138
C>T	TCC	T[C>T]C	Signature.12	0.0095
C>T	TCG	T[C>T]G	Signature.12	0.001
C>T	TCT	T[C>T]T	Signature.12	0.009
T>A	ATA	A[T>A]A	Signature.12	0.0058
T>A	ATC	A[T>A]C	Signature.12	0.0065
T>A	ATG	A[T>A]G	Signature.12	0.0046
T>A	ATT	A[T>A]T	Signature.12	0.006
T>A	CTA	C[T>A]A	Signature.12	0.0017
T>A	CTC	C[T>A]C	Signature.12	0.0086
T>A	CTG	C[T>A]G	Signature.12	0.0031
T>A	CTT	C[T>A]T	Signature.12	0.0054
T>A	GTA	G[T>A]A	Signature.12	0.0015
T>A	GTC	G[T>A]C	Signature.12	0.0039
T>A	GTG	G[T>A]G	Signature.12	0.0019
T>A	GTT	G[T>A]T	Signature.12	0.0031
T>A	TTA	T[T>A]A	Signature.12	0.0057
T>A	TTC	T[T>A]C	Signature.12	0.0132
T>A	TTG	T[T>A]G	Signature.12	0.0037
T>A	TTT	T[T>A]T	Signature.12	0.0094
T>C	ATA	A[T>C]A	Signature.12	0.0466
T>C	ATC	A[T>C]C	Signature.12	0.0317
T>C	ATG	A[T>C]G	Signature.12	0.0487
T>C	ATT	A[T>C]T	Signature.12	0.025
T>C	CTA	C[T>C]A	Signature.12	0.0312
T>C	CTC	C[T>C]C	Signature.12	0.0385
T>C	CTG	C[T>C]G	Signature.12	0.0415
T>C	CTT	C[T>C]T	Signature.12	0.0324
T>C	GTA	G[T>C]A	Signature.12	0.0573
T>C	GTC	G[T>C]C	Signature.12	0.0274
T>C	GTG	G[T>C]G	Signature.12	0.041
T>C	GTT	G[T>C]T	Signature.12	0.0405
T>C	TTA	T[T>C]A	Signature.12	0.05
T>C	TTC	T[T>C]C	Signature.12	0.0342
T>C	TTG	T[T>C]G	Signature.12	0.032
T>C	TTT	T[T>C]T	Signature.12	0.0371
T>G	ATA	A[T>G]A	Signature.12	0.0012
T>G	ATC	A[T>G]C	Signature.12	0.001
T>G	ATG	A[T>G]G	Signature.12	0.0018
T>G	ATT	A[T>G]T	Signature.12	0.003
T>G	CTA	C[T>G]A	Signature.12	0.0013
T>G	CTC	C[T>G]C	Signature.12	0.0049
T>G	CTG	C[T>G]G	Signature.12	0.0045
T>G	CTT	C[T>G]T	Signature.12	0.0063
T>G	GTA	G[T>G]A	Signature.12	0
T>G	GTC	G[T>G]C	Signature.12	4e-4
T>G	GTG	G[T>G]G	Signature.12	0.0011
T>G	GTT	G[T>G]T	Signature.12	0.0032
T>G	TTA	T[T>G]A	Signature.12	0.0019
T>G	TTC	T[T>G]C	Signature.12	0.0027
T>G	TTG	T[T>G]G	Signature.12	0.0011
T>G	TTT	T[T>G]T	Signature.12	0.0032
C>A	ACA	A[C>A]A	Signature.13	7e-4
C>A	ACC	A[C>A]C	Signature.13	1e-4
C>A	ACG	A[C>A]G	Signature.13	1e-4
C>A	ACT	A[C>A]T	Signature.13	2e-4
C>A	CCA	C[C>A]A	Signature.13	0.0035
C>A	CCC	C[C>A]C	Signature.13	0.0011
C>A	CCG	C[C>A]G	Signature.13	0.0014
C>A	CCT	C[C>A]T	Signature.13	0.0011
C>A	GCA	G[C>A]A	Signature.13	9e-4
C>A	GCC	G[C>A]C	Signature.13	4e-4
C>A	GCG	G[C>A]G	Signature.13	2e-4
C>A	GCT	G[C>A]T	Signature.13	0.001
C>A	TCA	T[C>A]A	Signature.13	0.0354
C>A	TCC	T[C>A]C	Signature.13	0.0168
C>A	TCG	T[C>A]G	Signature.13	0.0039
C>A	TCT	T[C>A]T	Signature.13	0.0183
C>G	ACA	A[C>G]A	Signature.13	0.0018
C>G	ACC	A[C>G]C	Signature.13	0.0014
C>G	ACG	A[C>G]G	Signature.13	7e-4
C>G	ACT	A[C>G]T	Signature.13	0.0014
C>G	CCA	C[C>G]A	Signature.13	0.0052
C>G	CCC	C[C>G]C	Signature.13	4e-4
C>G	CCG	C[C>G]G	Signature.13	1e-4
C>G	CCT	C[C>G]T	Signature.13	0.0041
C>G	GCA	G[C>G]A	Signature.13	0.001
C>G	GCC	G[C>G]C	Signature.13	0.0011
C>G	GCG	G[C>G]G	Signature.13	0
C>G	GCT	G[C>G]T	Signature.13	0.0013
C>G	TCA	T[C>G]A	Signature.13	0.2267
C>G	TCC	T[C>G]C	Signature.13	0.0596
C>G	TCG	T[C>G]G	Signature.13	0.0106
C>G	TCT	T[C>G]T	Signature.13	0.2629
C>T	ACA	A[C>T]A	Signature.13	0.0013
C>T	ACC	A[C>T]C	Signature.13	0.0016
C>T	ACG	A[C>T]G	Signature.13	0.004
C>T	ACT	A[C>T]T	Signature.13	0.0012
C>T	CCA	C[C>T]A	Signature.13	0.0054
C>T	CCC	C[C>T]C	Signature.13	0.002
C>T	CCG	C[C>T]G	Signature.13	0.0043
C>T	CCT	C[C>T]T	Signature.13	0.0033
C>T	GCA	G[C>T]A	Signature.13	0.0038
C>T	GCC	G[C>T]C	Signature.13	0.0023
C>T	GCG	G[C>T]G	Signature.13	0.0032
C>T	GCT	G[C>T]T	Signature.13	0.0024
C>T	TCA	T[C>T]A	Signature.13	0.1515
C>T	TCC	T[C>T]C	Signature.13	0.0306
C>T	TCG	T[C>T]G	Signature.13	0.0216
C>T	TCT	T[C>T]T	Signature.13	0.075
T>A	ATA	A[T>A]A	Signature.13	2e-4
T>A	ATC	A[T>A]C	Signature.13	6e-4
T>A	ATG	A[T>A]G	Signature.13	6e-4
T>A	ATT	A[T>A]T	Signature.13	0.0013
T>A	CTA	C[T>A]A	Signature.13	1e-4
T>A	CTC	C[T>A]C	Signature.13	0.001
T>A	CTG	C[T>A]G	Signature.13	4e-4
T>A	CTT	C[T>A]T	Signature.13	1e-4
T>A	GTA	G[T>A]A	Signature.13	2e-4
T>A	GTC	G[T>A]C	Signature.13	0
T>A	GTG	G[T>A]G	Signature.13	4e-4
T>A	GTT	G[T>A]T	Signature.13	1e-4
T>A	TTA	T[T>A]A	Signature.13	1e-4
T>A	TTC	T[T>A]C	Signature.13	5e-4
T>A	TTG	T[T>A]G	Signature.13	6e-4
T>A	TTT	T[T>A]T	Signature.13	7e-4
T>C	ATA	A[T>C]A	Signature.13	0.003
T>C	ATC	A[T>C]C	Signature.13	0
T>C	ATG	A[T>C]G	Signature.13	8e-4
T>C	ATT	A[T>C]T	Signature.13	0.0013
T>C	CTA	C[T>C]A	Signature.13	8e-4
T>C	CTC	C[T>C]C	Signature.13	0.0011
T>C	CTG	C[T>C]G	Signature.13	4e-4
T>C	CTT	C[T>C]T	Signature.13	4e-4
T>C	GTA	G[T>C]A	Signature.13	8e-4
T>C	GTC	G[T>C]C	Signature.13	0.001
T>C	GTG	G[T>C]G	Signature.13	1e-4
T>C	GTT	G[T>C]T	Signature.13	7e-4
T>C	TTA	T[T>C]A	Signature.13	5e-4
T>C	TTC	T[T>C]C	Signature.13	6e-4
T>C	TTG	T[T>C]G	Signature.13	2e-4
T>C	TTT	T[T>C]T	Signature.13	0.0012
T>G	ATA	A[T>G]A	Signature.13	1e-4
T>G	ATC	A[T>G]C	Signature.13	0
T>G	ATG	A[T>G]G	Signature.13	0
T>G	ATT	A[T>G]T	Signature.13	0
T>G	CTA	C[T>G]A	Signature.13	0
T>G	CTC	C[T>G]C	Signature.13	2e-4
T>G	CTG	C[T>G]G	Signature.13	1e-4
T>G	CTT	C[T>G]T	Signature.13	6e-4
T>G	GTA	G[T>G]A	Signature.13	0
T>G	GTC	G[T>G]C	Signature.13	0
T>G	GTG	G[T>G]G	Signature.13	3e-4
T>G	GTT	G[T>G]T	Signature.13	0.0011
T>G	TTA	T[T>G]A	Signature.13	1e-4
T>G	TTC	T[T>G]C	Signature.13	4e-4
T>G	TTG	T[T>G]G	Signature.13	1e-4
T>G	TTT	T[T>G]T	Signature.13	3e-4
C>A	ACA	A[C>A]A	Signature.14	1e-4
C>A	ACC	A[C>A]C	Signature.14	0.0042
C>A	ACG	A[C>A]G	Signature.14	5e-4
C>A	ACT	A[C>A]T	Signature.14	0.0296
C>A	CCA	C[C>A]A	Signature.14	0.0056
C>A	CCC	C[C>A]C	Signature.14	0.0102
C>A	CCG	C[C>A]G	Signature.14	9e-4
C>A	CCT	C[C>A]T	Signature.14	0.1257
C>A	GCA	G[C>A]A	Signature.14	0.0018
C>A	GCC	G[C>A]C	Signature.14	0.0114
C>A	GCG	G[C>A]G	Signature.14	0.0011
C>A	GCT	G[C>A]T	Signature.14	0.0736
C>A	TCA	T[C>A]A	Signature.14	5e-4
C>A	TCC	T[C>A]C	Signature.14	0.0166
C>A	TCG	T[C>A]G	Signature.14	0
C>A	TCT	T[C>A]T	Signature.14	0.0516
C>G	ACA	A[C>G]A	Signature.14	1e-4
C>G	ACC	A[C>G]C	Signature.14	0
C>G	ACG	A[C>G]G	Signature.14	0
C>G	ACT	A[C>G]T	Signature.14	1e-4
C>G	CCA	C[C>G]A	Signature.14	0
C>G	CCC	C[C>G]C	Signature.14	0
C>G	CCG	C[C>G]G	Signature.14	0
C>G	CCT	C[C>G]T	Signature.14	0
C>G	GCA	G[C>G]A	Signature.14	2e-4
C>G	GCC	G[C>G]C	Signature.14	1e-4
C>G	GCG	G[C>G]G	Signature.14	0
C>G	GCT	G[C>G]T	Signature.14	3e-4
C>G	TCA	T[C>G]A	Signature.14	0
C>G	TCC	T[C>G]C	Signature.14	0
C>G	TCG	T[C>G]G	Signature.14	0
C>G	TCT	T[C>G]T	Signature.14	1e-4
C>T	ACA	A[C>T]A	Signature.14	0.0293
C>T	ACC	A[C>T]C	Signature.14	0.0321
C>T	ACG	A[C>T]G	Signature.14	0.0496
C>T	ACT	A[C>T]T	Signature.14	0.0277
C>T	CCA	C[C>T]A	Signature.14	0.006
C>T	CCC	C[C>T]C	Signature.14	0.0167
C>T	CCG	C[C>T]G	Signature.14	0.0293
C>T	CCT	C[C>T]T	Signature.14	0.0186
C>T	GCA	G[C>T]A	Signature.14	0.0557
C>T	GCC	G[C>T]C	Signature.14	0.0618
C>T	GCG	G[C>T]G	Signature.14	0.0978
C>T	GCT	G[C>T]T	Signature.14	0.0555
C>T	TCA	T[C>T]A	Signature.14	0.0092
C>T	TCC	T[C>T]C	Signature.14	0.0283
C>T	TCG	T[C>T]G	Signature.14	0.0094
C>T	TCT	T[C>T]T	Signature.14	0.0229
T>A	ATA	A[T>A]A	Signature.14	0
T>A	ATC	A[T>A]C	Signature.14	8e-4
T>A	ATG	A[T>A]G	Signature.14	0
T>A	ATT	A[T>A]T	Signature.14	9e-4
T>A	CTA	C[T>A]A	Signature.14	0
T>A	CTC	C[T>A]C	Signature.14	0.0034
T>A	CTG	C[T>A]G	Signature.14	2e-4
T>A	CTT	C[T>A]T	Signature.14	0.002
T>A	GTA	G[T>A]A	Signature.14	0
T>A	GTC	G[T>A]C	Signature.14	0.0025
T>A	GTG	G[T>A]G	Signature.14	0
T>A	GTT	G[T>A]T	Signature.14	9e-4
T>A	TTA	T[T>A]A	Signature.14	0
T>A	TTC	T[T>A]C	Signature.14	0.0016
T>A	TTG	T[T>A]G	Signature.14	0
T>A	TTT	T[T>A]T	Signature.14	0.0012
T>C	ATA	A[T>C]A	Signature.14	0.0026
T>C	ATC	A[T>C]C	Signature.14	0.0046
T>C	ATG	A[T>C]G	Signature.14	0.0035
T>C	ATT	A[T>C]T	Signature.14	0.0025
T>C	CTA	C[T>C]A	Signature.14	6e-4
T>C	CTC	C[T>C]C	Signature.14	0.0053
T>C	CTG	C[T>C]G	Signature.14	0.0016
T>C	CTT	C[T>C]T	Signature.14	0.0027
T>C	GTA	G[T>C]A	Signature.14	0.0078
T>C	GTC	G[T>C]C	Signature.14	0.0127
T>C	GTG	G[T>C]G	Signature.14	0.0082
T>C	GTT	G[T>C]T	Signature.14	0.0086
T>C	TTA	T[T>C]A	Signature.14	0.0018
T>C	TTC	T[T>C]C	Signature.14	0.0056
T>C	TTG	T[T>C]G	Signature.14	0.0034
T>C	TTT	T[T>C]T	Signature.14	0.0026
T>G	ATA	A[T>G]A	Signature.14	0
T>G	ATC	A[T>G]C	Signature.14	0.002
T>G	ATG	A[T>G]G	Signature.14	7e-4
T>G	ATT	A[T>G]T	Signature.14	0.0056
T>G	CTA	C[T>G]A	Signature.14	0
T>G	CTC	C[T>G]C	Signature.14	0.002
T>G	CTG	C[T>G]G	Signature.14	5e-4
T>G	CTT	C[T>G]T	Signature.14	0.0063
T>G	GTA	G[T>G]A	Signature.14	0
T>G	GTC	G[T>G]C	Signature.14	0.0019
T>G	GTG	G[T>G]G	Signature.14	0.0012
T>G	GTT	G[T>G]T	Signature.14	0.0038
T>G	TTA	T[T>G]A	Signature.14	0
T>G	TTC	T[T>G]C	Signature.14	0.0015
T>G	TTG	T[T>G]G	Signature.14	2e-4
T>G	TTT	T[T>G]T	Signature.14	0.0025
C>A	ACA	A[C>A]A	Signature.15	0.0013
C>A	ACC	A[C>A]C	Signature.15	0.004
C>A	ACG	A[C>A]G	Signature.15	0
C>A	ACT	A[C>A]T	Signature.15	0.0057
C>A	CCA	C[C>A]A	Signature.15	0.0106
C>A	CCC	C[C>A]C	Signature.15	0.0084
C>A	CCG	C[C>A]G	Signature.15	0.0015
C>A	CCT	C[C>A]T	Signature.15	0.0228
C>A	GCA	G[C>A]A	Signature.15	0.0024
C>A	GCC	G[C>A]C	Signature.15	0.0099
C>A	GCG	G[C>A]G	Signature.15	0.0013
C>A	GCT	G[C>A]T	Signature.15	0.0309
C>A	TCA	T[C>A]A	Signature.15	0.0057
C>A	TCC	T[C>A]C	Signature.15	0.0062
C>A	TCG	T[C>A]G	Signature.15	0.0025
C>A	TCT	T[C>A]T	Signature.15	0.0145
C>G	ACA	A[C>G]A	Signature.15	0.0011
C>G	ACC	A[C>G]C	Signature.15	1e-4
C>G	ACG	A[C>G]G	Signature.15	6e-4
C>G	ACT	A[C>G]T	Signature.15	0.001
C>G	CCA	C[C>G]A	Signature.15	9e-4
C>G	CCC	C[C>G]C	Signature.15	3e-4
C>G	CCG	C[C>G]G	Signature.15	4e-4
C>G	CCT	C[C>G]T	Signature.15	0.0017
C>G	GCA	G[C>G]A	Signature.15	0.0022
C>G	GCC	G[C>G]C	Signature.15	5e-4
C>G	GCG	G[C>G]G	Signature.15	6e-4
C>G	GCT	G[C>G]T	Signature.15	0.0018
C>G	TCA	T[C>G]A	Signature.15	9e-4
C>G	TCC	T[C>G]C	Signature.15	0.0026
C>G	TCG	T[C>G]G	Signature.15	0
C>G	TCT	T[C>G]T	Signature.15	0.0015
C>T	ACA	A[C>T]A	Signature.15	0.0117
C>T	ACC	A[C>T]C	Signature.15	0.0169
C>T	ACG	A[C>T]G	Signature.15	0.0309
C>T	ACT	A[C>T]T	Signature.15	0.0066
C>T	CCA	C[C>T]A	Signature.15	0.0051
C>T	CCC	C[C>T]C	Signature.15	0.0088
C>T	CCG	C[C>T]G	Signature.15	0.0155
C>T	CCT	C[C>T]T	Signature.15	0.0096
C>T	GCA	G[C>T]A	Signature.15	0.0476
C>T	GCC	G[C>T]C	Signature.15	0.1345
C>T	GCG	G[C>T]G	Signature.15	0.1829
C>T	GCT	G[C>T]T	Signature.15	0.08
C>T	TCA	T[C>T]A	Signature.15	0.0112
C>T	TCC	T[C>T]C	Signature.15	0.0156
C>T	TCG	T[C>T]G	Signature.15	0.0104
C>T	TCT	T[C>T]T	Signature.15	0.0076
T>A	ATA	A[T>A]A	Signature.15	0.0021
T>A	ATC	A[T>A]C	Signature.15	0.009
T>A	ATG	A[T>A]G	Signature.15	9e-4
T>A	ATT	A[T>A]T	Signature.15	0.0079
T>A	CTA	C[T>A]A	Signature.15	0.0016
T>A	CTC	C[T>A]C	Signature.15	0.0043
T>A	CTG	C[T>A]G	Signature.15	0.0027
T>A	CTT	C[T>A]T	Signature.15	7e-4
T>A	GTA	G[T>A]A	Signature.15	0
T>A	GTC	G[T>A]C	Signature.15	0.0038
T>A	GTG	G[T>A]G	Signature.15	0.0026
T>A	GTT	G[T>A]T	Signature.15	0.0043
T>A	TTA	T[T>A]A	Signature.15	8e-4
T>A	TTC	T[T>A]C	Signature.15	0.0019
T>A	TTG	T[T>A]G	Signature.15	6e-4
T>A	TTT	T[T>A]T	Signature.15	3e-4
T>C	ATA	A[T>C]A	Signature.15	0.0115
T>C	ATC	A[T>C]C	Signature.15	0.0073
T>C	ATG	A[T>C]G	Signature.15	0.0073
T>C	ATT	A[T>C]T	Signature.15	0.0063
T>C	CTA	C[T>C]A	Signature.15	0.0032
T>C	CTC	C[T>C]C	Signature.15	0.005
T>C	CTG	C[T>C]G	Signature.15	0.0128
T>C	CTT	C[T>C]T	Signature.15	0.0035
T>C	GTA	G[T>C]A	Signature.15	0.0195
T>C	GTC	G[T>C]C	Signature.15	0.0499
T>C	GTG	G[T>C]G	Signature.15	0.0154
T>C	GTT	G[T>C]T	Signature.15	0.0094
T>C	TTA	T[T>C]A	Signature.15	0.0068
T>C	TTC	T[T>C]C	Signature.15	0.0099
T>C	TTG	T[T>C]G	Signature.15	0.0039
T>C	TTT	T[T>C]T	Signature.15	0.0047
T>G	ATA	A[T>G]A	Signature.15	0
T>G	ATC	A[T>G]C	Signature.15	6e-4
T>G	ATG	A[T>G]G	Signature.15	0.0012
T>G	ATT	A[T>G]T	Signature.15	0.0029
T>G	CTA	C[T>G]A	Signature.15	0
T>G	CTC	C[T>G]C	Signature.15	0.0019
T>G	CTG	C[T>G]G	Signature.15	7e-4
T>G	CTT	C[T>G]T	Signature.15	0.0045
T>G	GTA	G[T>G]A	Signature.15	0
T>G	GTC	G[T>G]C	Signature.15	0.0022
T>G	GTG	G[T>G]G	Signature.15	0.0037
T>G	GTT	G[T>G]T	Signature.15	0.019
T>G	TTA	T[T>G]A	Signature.15	0
T>G	TTC	T[T>G]C	Signature.15	4e-4
T>G	TTG	T[T>G]G	Signature.15	9e-4
T>G	TTT	T[T>G]T	Signature.15	0.0033
C>A	ACA	A[C>A]A	Signature.16	0.0161
C>A	ACC	A[C>A]C	Signature.16	0.0097
C>A	ACG	A[C>A]G	Signature.16	0.0022
C>A	ACT	A[C>A]T	Signature.16	0.0088
C>A	CCA	C[C>A]A	Signature.16	0.0159
C>A	CCC	C[C>A]C	Signature.16	0.01
C>A	CCG	C[C>A]G	Signature.16	0.0022
C>A	CCT	C[C>A]T	Signature.16	0.0084
C>A	GCA	G[C>A]A	Signature.16	0.0096
C>A	GCC	G[C>A]C	Signature.16	0.0094
C>A	GCG	G[C>A]G	Signature.16	0.0036
C>A	GCT	G[C>A]T	Signature.16	0.0063
C>A	TCA	T[C>A]A	Signature.16	0.0122
C>A	TCC	T[C>A]C	Signature.16	0.0145
C>A	TCG	T[C>A]G	Signature.16	0.004
C>A	TCT	T[C>A]T	Signature.16	0.0157
C>G	ACA	A[C>G]A	Signature.16	0.0048
C>G	ACC	A[C>G]C	Signature.16	0.0024
C>G	ACG	A[C>G]G	Signature.16	0
C>G	ACT	A[C>G]T	Signature.16	0.0073
C>G	CCA	C[C>G]A	Signature.16	0.004
C>G	CCC	C[C>G]C	Signature.16	0.005
C>G	CCG	C[C>G]G	Signature.16	0.0028
C>G	CCT	C[C>G]T	Signature.16	0.008
C>G	GCA	G[C>G]A	Signature.16	0.0031
C>G	GCC	G[C>G]C	Signature.16	0.0032
C>G	GCG	G[C>G]G	Signature.16	0
C>G	GCT	G[C>G]T	Signature.16	0.0029
C>G	TCA	T[C>G]A	Signature.16	0.005
C>G	TCC	T[C>G]C	Signature.16	0.0064
C>G	TCG	T[C>G]G	Signature.16	0
C>G	TCT	T[C>G]T	Signature.16	0.0169
C>T	ACA	A[C>T]A	Signature.16	0.0135
C>T	ACC	A[C>T]C	Signature.16	0.0076
C>T	ACG	A[C>T]G	Signature.16	0.0035
C>T	ACT	A[C>T]T	Signature.16	0.0101
C>T	CCA	C[C>T]A	Signature.16	0.021
C>T	CCC	C[C>T]C	Signature.16	0.0098
C>T	CCG	C[C>T]G	Signature.16	0.0016
C>T	CCT	C[C>T]T	Signature.16	0.0211
C>T	GCA	G[C>T]A	Signature.16	0.0125
C>T	GCC	G[C>T]C	Signature.16	0.0092
C>T	GCG	G[C>T]G	Signature.16	9e-4
C>T	GCT	G[C>T]T	Signature.16	0.0116
C>T	TCA	T[C>T]A	Signature.16	0.0172
C>T	TCC	T[C>T]C	Signature.16	0.0131
C>T	TCG	T[C>T]G	Signature.16	0.0036
C>T	TCT	T[C>T]T	Signature.16	0.0193
T>A	ATA	A[T>A]A	Signature.16	0.0081
T>A	ATC	A[T>A]C	Signature.16	0.0073
T>A	ATG	A[T>A]G	Signature.16	0.008
T>A	ATT	A[T>A]T	Signature.16	0.0084
T>A	CTA	C[T>A]A	Signature.16	0.0054
T>A	CTC	C[T>A]C	Signature.16	0.0128
T>A	CTG	C[T>A]G	Signature.16	0.013
T>A	CTT	C[T>A]T	Signature.16	0.0096
T>A	GTA	G[T>A]A	Signature.16	0.003
T>A	GTC	G[T>A]C	Signature.16	0.004
T>A	GTG	G[T>A]G	Signature.16	0.0051
T>A	GTT	G[T>A]T	Signature.16	0.0033
T>A	TTA	T[T>A]A	Signature.16	0.0085
T>A	TTC	T[T>A]C	Signature.16	0.0087
T>A	TTG	T[T>A]G	Signature.16	0.0063
T>A	TTT	T[T>A]T	Signature.16	0.008
T>C	ATA	A[T>C]A	Signature.16	0.0717
T>C	ATC	A[T>C]C	Signature.16	0.0171
T>C	ATG	A[T>C]G	Signature.16	0.0348
T>C	ATT	A[T>C]T	Signature.16	0.0497
T>C	CTA	C[T>C]A	Signature.16	0.0146
T>C	CTC	C[T>C]C	Signature.16	0.0194
T>C	CTG	C[T>C]G	Signature.16	0.019
T>C	CTT	C[T>C]T	Signature.16	0.0263
T>C	GTA	G[T>C]A	Signature.16	0.0161
T>C	GTC	G[T>C]C	Signature.16	0.0099
T>C	GTG	G[T>C]G	Signature.16	0.0148
T>C	GTT	G[T>C]T	Signature.16	0.0142
T>C	TTA	T[T>C]A	Signature.16	0.0246
T>C	TTC	T[T>C]C	Signature.16	0.0183
T>C	TTG	T[T>C]G	Signature.16	0.0165
T>C	TTT	T[T>C]T	Signature.16	0.0174
T>G	ATA	A[T>G]A	Signature.16	0.0052
T>G	ATC	A[T>G]C	Signature.16	0.0042
T>G	ATG	A[T>G]G	Signature.16	0.0061
T>G	ATT	A[T>G]T	Signature.16	0.0076
T>G	CTA	C[T>G]A	Signature.16	2e-4
T>G	CTC	C[T>G]C	Signature.16	0.0082
T>G	CTG	C[T>G]G	Signature.16	0.0067
T>G	CTT	C[T>G]T	Signature.16	0.0186
T>G	GTA	G[T>G]A	Signature.16	0
T>G	GTC	G[T>G]C	Signature.16	0.0032
T>G	GTG	G[T>G]G	Signature.16	8e-4
T>G	GTT	G[T>G]T	Signature.16	0.0044
T>G	TTA	T[T>G]A	Signature.16	0.0068
T>G	TTC	T[T>G]C	Signature.16	0.0069
T>G	TTG	T[T>G]G	Signature.16	0.0049
T>G	TTT	T[T>G]T	Signature.16	0.0163
C>A	ACA	A[C>A]A	Signature.17	0.0018
C>A	ACC	A[C>A]C	Signature.17	3e-4
C>A	ACG	A[C>A]G	Signature.17	0
C>A	ACT	A[C>A]T	Signature.17	0.0032
C>A	CCA	C[C>A]A	Signature.17	0.001
C>A	CCC	C[C>A]C	Signature.17	4e-4
C>A	CCG	C[C>A]G	Signature.17	3e-4
C>A	CCT	C[C>A]T	Signature.17	0
C>A	GCA	G[C>A]A	Signature.17	0.0066
C>A	GCC	G[C>A]C	Signature.17	0.0013
C>A	GCG	G[C>A]G	Signature.17	0.0013
C>A	GCT	G[C>A]T	Signature.17	0.0031
C>A	TCA	T[C>A]A	Signature.17	0.0018
C>A	TCC	T[C>A]C	Signature.17	0.0013
C>A	TCG	T[C>A]G	Signature.17	0.0022
C>A	TCT	T[C>A]T	Signature.17	0.0049
C>G	ACA	A[C>G]A	Signature.17	0.0016
C>G	ACC	A[C>G]C	Signature.17	0.0016
C>G	ACG	A[C>G]G	Signature.17	0
C>G	ACT	A[C>G]T	Signature.17	0.0012
C>G	CCA	C[C>G]A	Signature.17	0.0019
C>G	CCC	C[C>G]C	Signature.17	7e-4
C>G	CCG	C[C>G]G	Signature.17	0
C>G	CCT	C[C>G]T	Signature.17	9e-4
C>G	GCA	G[C>G]A	Signature.17	0.0013
C>G	GCC	G[C>G]C	Signature.17	2e-4
C>G	GCG	G[C>G]G	Signature.17	0
C>G	GCT	G[C>G]T	Signature.17	0.0018
C>G	TCA	T[C>G]A	Signature.17	4e-4
C>G	TCC	T[C>G]C	Signature.17	6e-4
C>G	TCG	T[C>G]G	Signature.17	0
C>G	TCT	T[C>G]T	Signature.17	0.0028
C>T	ACA	A[C>T]A	Signature.17	0.0095
C>T	ACC	A[C>T]C	Signature.17	0.0043
C>T	ACG	A[C>T]G	Signature.17	0.0094
C>T	ACT	A[C>T]T	Signature.17	0.0058
C>T	CCA	C[C>T]A	Signature.17	0.0216
C>T	CCC	C[C>T]C	Signature.17	0.0039
C>T	CCG	C[C>T]G	Signature.17	0.0134
C>T	CCT	C[C>T]T	Signature.17	0.0098
C>T	GCA	G[C>T]A	Signature.17	0.0021
C>T	GCC	G[C>T]C	Signature.17	3e-4
C>T	GCG	G[C>T]G	Signature.17	0.0076
C>T	GCT	G[C>T]T	Signature.17	9e-4
C>T	TCA	T[C>T]A	Signature.17	0.0164
C>T	TCC	T[C>T]C	Signature.17	0.017
C>T	TCG	T[C>T]G	Signature.17	0.0165
C>T	TCT	T[C>T]T	Signature.17	0.0201
T>A	ATA	A[T>A]A	Signature.17	6e-4
T>A	ATC	A[T>A]C	Signature.17	0.0019
T>A	ATG	A[T>A]G	Signature.17	0.0011
T>A	ATT	A[T>A]T	Signature.17	0.002
T>A	CTA	C[T>A]A	Signature.17	0
T>A	CTC	C[T>A]C	Signature.17	0.0103
T>A	CTG	C[T>A]G	Signature.17	0.0045
T>A	CTT	C[T>A]T	Signature.17	0.0315
T>A	GTA	G[T>A]A	Signature.17	0
T>A	GTC	G[T>A]C	Signature.17	0.0026
T>A	GTG	G[T>A]G	Signature.17	0.0036
T>A	GTT	G[T>A]T	Signature.17	0.0039
T>A	TTA	T[T>A]A	Signature.17	6e-4
T>A	TTC	T[T>A]C	Signature.17	0.0026
T>A	TTG	T[T>A]G	Signature.17	0
T>A	TTT	T[T>A]T	Signature.17	0.0038
T>C	ATA	A[T>C]A	Signature.17	0.0027
T>C	ATC	A[T>C]C	Signature.17	0.0082
T>C	ATG	A[T>C]G	Signature.17	0.0045
T>C	ATT	A[T>C]T	Signature.17	0.0031
T>C	CTA	C[T>C]A	Signature.17	0.0075
T>C	CTC	C[T>C]C	Signature.17	0.0402
T>C	CTG	C[T>C]G	Signature.17	0.029
T>C	CTT	C[T>C]T	Signature.17	0.1028
T>C	GTA	G[T>C]A	Signature.17	0
T>C	GTC	G[T>C]C	Signature.17	0.0098
T>C	GTG	G[T>C]G	Signature.17	0.0047
T>C	GTT	G[T>C]T	Signature.17	0.0082
T>C	TTA	T[T>C]A	Signature.17	0.0017
T>C	TTC	T[T>C]C	Signature.17	0.0112
T>C	TTG	T[T>C]G	Signature.17	0.006
T>C	TTT	T[T>C]T	Signature.17	0.0072
T>G	ATA	A[T>G]A	Signature.17	0
T>G	ATC	A[T>G]C	Signature.17	0.0065
T>G	ATG	A[T>G]G	Signature.17	0.0035
T>G	ATT	A[T>G]T	Signature.17	0.0306
T>G	CTA	C[T>G]A	Signature.17	0
T>G	CTC	C[T>G]C	Signature.17	0.0195
T>G	CTG	C[T>G]G	Signature.17	0.0134
T>G	CTT	C[T>G]T	Signature.17	0.2591
T>G	GTA	G[T>G]A	Signature.17	0
T>G	GTC	G[T>G]C	Signature.17	0.0091
T>G	GTG	G[T>G]G	Signature.17	0.0048
T>G	GTT	G[T>G]T	Signature.17	0.0633
T>G	TTA	T[T>G]A	Signature.17	0
T>G	TTC	T[T>G]C	Signature.17	0.0096
T>G	TTG	T[T>G]G	Signature.17	0.0045
T>G	TTT	T[T>G]T	Signature.17	0.0572
C>A	ACA	A[C>A]A	Signature.18	0.05
C>A	ACC	A[C>A]C	Signature.18	0.0076
C>A	ACG	A[C>A]G	Signature.18	0.0017
C>A	ACT	A[C>A]T	Signature.18	0.0181
C>A	CCA	C[C>A]A	Signature.18	0.0965
C>A	CCC	C[C>A]C	Signature.18	0.0219
C>A	CCG	C[C>A]G	Signature.18	0.0192
C>A	CCT	C[C>A]T	Signature.18	0.0404
C>A	GCA	G[C>A]A	Signature.18	0.1406
C>A	GCC	G[C>A]C	Signature.18	0.0152
C>A	GCG	G[C>A]G	Signature.18	0.0097
C>A	GCT	G[C>A]T	Signature.18	0.0768
C>A	TCA	T[C>A]A	Signature.18	0.0646
C>A	TCC	T[C>A]C	Signature.18	0.0392
C>A	TCG	T[C>A]G	Signature.18	0.0157
C>A	TCT	T[C>A]T	Signature.18	0.1125
C>G	ACA	A[C>G]A	Signature.18	0.0014
C>G	ACC	A[C>G]C	Signature.18	0.0017
C>G	ACG	A[C>G]G	Signature.18	0.0027
C>G	ACT	A[C>G]T	Signature.18	0.0043
C>G	CCA	C[C>G]A	Signature.18	1e-4
C>G	CCC	C[C>G]C	Signature.18	0.0039
C>G	CCG	C[C>G]G	Signature.18	0.0058
C>G	CCT	C[C>G]T	Signature.18	0.0058
C>G	GCA	G[C>G]A	Signature.18	9e-4
C>G	GCC	G[C>G]C	Signature.18	3e-4
C>G	GCG	G[C>G]G	Signature.18	5e-4
C>G	GCT	G[C>G]T	Signature.18	0.0015
C>G	TCA	T[C>G]A	Signature.18	0.0022
C>G	TCC	T[C>G]C	Signature.18	0.0084
C>G	TCG	T[C>G]G	Signature.18	0.0014
C>G	TCT	T[C>G]T	Signature.18	0.0033
C>T	ACA	A[C>T]A	Signature.18	0.0035
C>T	ACC	A[C>T]C	Signature.18	0.0014
C>T	ACG	A[C>T]G	Signature.18	0.009
C>T	ACT	A[C>T]T	Signature.18	0.0048
C>T	CCA	C[C>T]A	Signature.18	0.0066
C>T	CCC	C[C>T]C	Signature.18	0.0035
C>T	CCG	C[C>T]G	Signature.18	0.0187
C>T	CCT	C[C>T]T	Signature.18	0.0019
C>T	GCA	G[C>T]A	Signature.18	0.0032
C>T	GCC	G[C>T]C	Signature.18	0.0051
C>T	GCG	G[C>T]G	Signature.18	0.0134
C>T	GCT	G[C>T]T	Signature.18	0.0016
C>T	TCA	T[C>T]A	Signature.18	0.0164
C>T	TCC	T[C>T]C	Signature.18	0.0048
C>T	TCG	T[C>T]G	Signature.18	0.0133
C>T	TCT	T[C>T]T	Signature.18	0.0015
T>A	ATA	A[T>A]A	Signature.18	0.0029
T>A	ATC	A[T>A]C	Signature.18	8e-4
T>A	ATG	A[T>A]G	Signature.18	0.0044
T>A	ATT	A[T>A]T	Signature.18	0
T>A	CTA	C[T>A]A	Signature.18	3e-4
T>A	CTC	C[T>A]C	Signature.18	0.0023
T>A	CTG	C[T>A]G	Signature.18	0.0065
T>A	CTT	C[T>A]T	Signature.18	0.0038
T>A	GTA	G[T>A]A	Signature.18	0.0021
T>A	GTC	G[T>A]C	Signature.18	0.0015
T>A	GTG	G[T>A]G	Signature.18	0.0014
T>A	GTT	G[T>A]T	Signature.18	0.0039
T>A	TTA	T[T>A]A	Signature.18	9e-4
T>A	TTC	T[T>A]C	Signature.18	0.0024
T>A	TTG	T[T>A]G	Signature.18	0.0019
T>A	TTT	T[T>A]T	Signature.18	0.0021
T>C	ATA	A[T>C]A	Signature.18	0.0019
T>C	ATC	A[T>C]C	Signature.18	0.0014
T>C	ATG	A[T>C]G	Signature.18	0.0035
T>C	ATT	A[T>C]T	Signature.18	0.0054
T>C	CTA	C[T>C]A	Signature.18	0
T>C	CTC	C[T>C]C	Signature.18	0.0034
T>C	CTG	C[T>C]G	Signature.18	0.0025
T>C	CTT	C[T>C]T	Signature.18	9e-4
T>C	GTA	G[T>C]A	Signature.18	4e-4
T>C	GTC	G[T>C]C	Signature.18	0.0025
T>C	GTG	G[T>C]G	Signature.18	0.0066
T>C	GTT	G[T>C]T	Signature.18	0.0048
T>C	TTA	T[T>C]A	Signature.18	2e-4
T>C	TTC	T[T>C]C	Signature.18	0.0069
T>C	TTG	T[T>C]G	Signature.18	0.0011
T>C	TTT	T[T>C]T	Signature.18	0.0014
T>G	ATA	A[T>G]A	Signature.18	0
T>G	ATC	A[T>G]C	Signature.18	0.0011
T>G	ATG	A[T>G]G	Signature.18	0.0028
T>G	ATT	A[T>G]T	Signature.18	0
T>G	CTA	C[T>G]A	Signature.18	0
T>G	CTC	C[T>G]C	Signature.18	0.0024
T>G	CTG	C[T>G]G	Signature.18	0.0064
T>G	CTT	C[T>G]T	Signature.18	0.0021
T>G	GTA	G[T>G]A	Signature.18	0.0016
T>G	GTC	G[T>G]C	Signature.18	0
T>G	GTG	G[T>G]G	Signature.18	0.0118
T>G	GTT	G[T>G]T	Signature.18	0.0032
T>G	TTA	T[T>G]A	Signature.18	0
T>G	TTC	T[T>G]C	Signature.18	0.0036
T>G	TTG	T[T>G]G	Signature.18	8e-4
T>G	TTT	T[T>G]T	Signature.18	0.0015
C>A	ACA	A[C>A]A	Signature.19	0.0107
C>A	ACC	A[C>A]C	Signature.19	0.0074
C>A	ACG	A[C>A]G	Signature.19	5e-4
C>A	ACT	A[C>A]T	Signature.19	0.0074
C>A	CCA	C[C>A]A	Signature.19	0.0112
C>A	CCC	C[C>A]C	Signature.19	0.0159
C>A	CCG	C[C>A]G	Signature.19	0.0018
C>A	CCT	C[C>A]T	Signature.19	0.0096
C>A	GCA	G[C>A]A	Signature.19	0.0032
C>A	GCC	G[C>A]C	Signature.19	0.0031
C>A	GCG	G[C>A]G	Signature.19	0
C>A	GCT	G[C>A]T	Signature.19	0.0072
C>A	TCA	T[C>A]A	Signature.19	0.0051
C>A	TCC	T[C>A]C	Signature.19	0.0063
C>A	TCG	T[C>A]G	Signature.19	0.0018
C>A	TCT	T[C>A]T	Signature.19	0.0087
C>G	ACA	A[C>G]A	Signature.19	0.0058
C>G	ACC	A[C>G]C	Signature.19	0.0019
C>G	ACG	A[C>G]G	Signature.19	0
C>G	ACT	A[C>G]T	Signature.19	0.0072
C>G	CCA	C[C>G]A	Signature.19	2e-4
C>G	CCC	C[C>G]C	Signature.19	0.0028
C>G	CCG	C[C>G]G	Signature.19	2e-4
C>G	CCT	C[C>G]T	Signature.19	8e-4
C>G	GCA	G[C>G]A	Signature.19	0.002
C>G	GCC	G[C>G]C	Signature.19	0
C>G	GCG	G[C>G]G	Signature.19	0
C>G	GCT	G[C>G]T	Signature.19	0
C>G	TCA	T[C>G]A	Signature.19	5e-4
C>G	TCC	T[C>G]C	Signature.19	0.0011
C>G	TCG	T[C>G]G	Signature.19	0
C>G	TCT	T[C>G]T	Signature.19	0.0105
C>T	ACA	A[C>T]A	Signature.19	0.0221
C>T	ACC	A[C>T]C	Signature.19	0.0203
C>T	ACG	A[C>T]G	Signature.19	0.0368
C>T	ACT	A[C>T]T	Signature.19	0.0266
C>T	CCA	C[C>T]A	Signature.19	0.0438
C>T	CCC	C[C>T]C	Signature.19	0.0753
C>T	CCG	C[C>T]G	Signature.19	0.0238
C>T	CCT	C[C>T]T	Signature.19	0.1159
C>T	GCA	G[C>T]A	Signature.19	0.0374
C>T	GCC	G[C>T]C	Signature.19	0.0614
C>T	GCG	G[C>T]G	Signature.19	0.0278
C>T	GCT	G[C>T]T	Signature.19	0.0917
C>T	TCA	T[C>T]A	Signature.19	0.0218
C>T	TCC	T[C>T]C	Signature.19	0.033
C>T	TCG	T[C>T]G	Signature.19	0.009
C>T	TCT	T[C>T]T	Signature.19	0.0267
T>A	ATA	A[T>A]A	Signature.19	0.0011
T>A	ATC	A[T>A]C	Signature.19	0.0053
T>A	ATG	A[T>A]G	Signature.19	0.0045
T>A	ATT	A[T>A]T	Signature.19	0.0033
T>A	CTA	C[T>A]A	Signature.19	0.0043
T>A	CTC	C[T>A]C	Signature.19	0.0053
T>A	CTG	C[T>A]G	Signature.19	0.0021
T>A	CTT	C[T>A]T	Signature.19	0.0022
T>A	GTA	G[T>A]A	Signature.19	0.0026
T>A	GTC	G[T>A]C	Signature.19	0
T>A	GTG	G[T>A]G	Signature.19	0.0016
T>A	GTT	G[T>A]T	Signature.19	0.0052
T>A	TTA	T[T>A]A	Signature.19	0.0039
T>A	TTC	T[T>A]C	Signature.19	0.0048
T>A	TTG	T[T>A]G	Signature.19	0.0052
T>A	TTT	T[T>A]T	Signature.19	0.0085
T>C	ATA	A[T>C]A	Signature.19	0.0145
T>C	ATC	A[T>C]C	Signature.19	0.0048
T>C	ATG	A[T>C]G	Signature.19	0.0135
T>C	ATT	A[T>C]T	Signature.19	0.016
T>C	CTA	C[T>C]A	Signature.19	0.0066
T>C	CTC	C[T>C]C	Signature.19	0.007
T>C	CTG	C[T>C]G	Signature.19	0.004
T>C	CTT	C[T>C]T	Signature.19	0.0053
T>C	GTA	G[T>C]A	Signature.19	0.0039
T>C	GTC	G[T>C]C	Signature.19	0.003
T>C	GTG	G[T>C]G	Signature.19	0.006
T>C	GTT	G[T>C]T	Signature.19	0.0099
T>C	TTA	T[T>C]A	Signature.19	0.0052
T>C	TTC	T[T>C]C	Signature.19	0.002
T>C	TTG	T[T>C]G	Signature.19	0.0057
T>C	TTT	T[T>C]T	Signature.19	0.0038
T>G	ATA	A[T>G]A	Signature.19	0.0014
T>G	ATC	A[T>G]C	Signature.19	0
T>G	ATG	A[T>G]G	Signature.19	0.001
T>G	ATT	A[T>G]T	Signature.19	0.0017
T>G	CTA	C[T>G]A	Signature.19	0
T>G	CTC	C[T>G]C	Signature.19	0.0011
T>G	CTG	C[T>G]G	Signature.19	0.0013
T>G	CTT	C[T>G]T	Signature.19	0.0019
T>G	GTA	G[T>G]A	Signature.19	0
T>G	GTC	G[T>G]C	Signature.19	0
T>G	GTG	G[T>G]G	Signature.19	0.0043
T>G	GTT	G[T>G]T	Signature.19	0.0025
T>G	TTA	T[T>G]A	Signature.19	0.0032
T>G	TTC	T[T>G]C	Signature.19	0.0018
T>G	TTG	T[T>G]G	Signature.19	0.0011
T>G	TTT	T[T>G]T	Signature.19	0.0013
C>A	ACA	A[C>A]A	Signature.20	0.0013
C>A	ACC	A[C>A]C	Signature.20	0.0024
C>A	ACG	A[C>A]G	Signature.20	0
C>A	ACT	A[C>A]T	Signature.20	0.0029
C>A	CCA	C[C>A]A	Signature.20	0.0178
C>A	CCC	C[C>A]C	Signature.20	0.0375
C>A	CCG	C[C>A]G	Signature.20	0.0132
C>A	CCT	C[C>A]T	Signature.20	0.1064
C>A	GCA	G[C>A]A	Signature.20	0.0012
C>A	GCC	G[C>A]C	Signature.20	0.0034
C>A	GCG	G[C>A]G	Signature.20	0.0041
C>A	GCT	G[C>A]T	Signature.20	0.0134
C>A	TCA	T[C>A]A	Signature.20	7e-4
C>A	TCC	T[C>A]C	Signature.20	0.0042
C>A	TCG	T[C>A]G	Signature.20	0.0011
C>A	TCT	T[C>A]T	Signature.20	0.0121
C>G	ACA	A[C>G]A	Signature.20	5e-4
C>G	ACC	A[C>G]C	Signature.20	0.0022
C>G	ACG	A[C>G]G	Signature.20	0
C>G	ACT	A[C>G]T	Signature.20	6e-4
C>G	CCA	C[C>G]A	Signature.20	0
C>G	CCC	C[C>G]C	Signature.20	6e-4
C>G	CCG	C[C>G]G	Signature.20	0
C>G	CCT	C[C>G]T	Signature.20	1e-4
C>G	GCA	G[C>G]A	Signature.20	0.0014
C>G	GCC	G[C>G]C	Signature.20	0.0019
C>G	GCG	G[C>G]G	Signature.20	0
C>G	GCT	G[C>G]T	Signature.20	0.0012
C>G	TCA	T[C>G]A	Signature.20	0
C>G	TCC	T[C>G]C	Signature.20	1e-4
C>G	TCG	T[C>G]G	Signature.20	0
C>G	TCT	T[C>G]T	Signature.20	5e-4
C>T	ACA	A[C>T]A	Signature.20	0.0296
C>T	ACC	A[C>T]C	Signature.20	0.0223
C>T	ACG	A[C>T]G	Signature.20	0.0341
C>T	ACT	A[C>T]T	Signature.20	0.0182
C>T	CCA	C[C>T]A	Signature.20	0.011
C>T	CCC	C[C>T]C	Signature.20	0.0186
C>T	CCG	C[C>T]G	Signature.20	0.0463
C>T	CCT	C[C>T]T	Signature.20	0.014
C>T	GCA	G[C>T]A	Signature.20	0.0545
C>T	GCC	G[C>T]C	Signature.20	0.0529
C>T	GCG	G[C>T]G	Signature.20	0
C>T	GCT	G[C>T]T	Signature.20	0.0492
C>T	TCA	T[C>T]A	Signature.20	0.0107
C>T	TCC	T[C>T]C	Signature.20	0.0078
C>T	TCG	T[C>T]G	Signature.20	0.0244
C>T	TCT	T[C>T]T	Signature.20	0.0098
T>A	ATA	A[T>A]A	Signature.20	1e-4
T>A	ATC	A[T>A]C	Signature.20	0.0019
T>A	ATG	A[T>A]G	Signature.20	2e-4
T>A	ATT	A[T>A]T	Signature.20	0.0053
T>A	CTA	C[T>A]A	Signature.20	0
T>A	CTC	C[T>A]C	Signature.20	0.0046
T>A	CTG	C[T>A]G	Signature.20	0.0012
T>A	CTT	C[T>A]T	Signature.20	0.0025
T>A	GTA	G[T>A]A	Signature.20	0
T>A	GTC	G[T>A]C	Signature.20	0.004
T>A	GTG	G[T>A]G	Signature.20	8e-4
T>A	GTT	G[T>A]T	Signature.20	0.0018
T>A	TTA	T[T>A]A	Signature.20	1e-4
T>A	TTC	T[T>A]C	Signature.20	7e-4
T>A	TTG	T[T>A]G	Signature.20	0
T>A	TTT	T[T>A]T	Signature.20	0.001
T>C	ATA	A[T>C]A	Signature.20	0.0165
T>C	ATC	A[T>C]C	Signature.20	0.0207
T>C	ATG	A[T>C]G	Signature.20	0.058
T>C	ATT	A[T>C]T	Signature.20	0.008
T>C	CTA	C[T>C]A	Signature.20	0.0148
T>C	CTC	C[T>C]C	Signature.20	0.0196
T>C	CTG	C[T>C]G	Signature.20	0.079
T>C	CTT	C[T>C]T	Signature.20	0.011
T>C	GTA	G[T>C]A	Signature.20	2e-4
T>C	GTC	G[T>C]C	Signature.20	0.0013
T>C	GTG	G[T>C]G	Signature.20	0.0287
T>C	GTT	G[T>C]T	Signature.20	7e-4
T>C	TTA	T[T>C]A	Signature.20	0.004
T>C	TTC	T[T>C]C	Signature.20	0.0113
T>C	TTG	T[T>C]G	Signature.20	0.0242
T>C	TTT	T[T>C]T	Signature.20	0.0041
T>G	ATA	A[T>G]A	Signature.20	0
T>G	ATC	A[T>G]C	Signature.20	4e-4
T>G	ATG	A[T>G]G	Signature.20	7e-4
T>G	ATT	A[T>G]T	Signature.20	4e-4
T>G	CTA	C[T>G]A	Signature.20	0
T>G	CTC	C[T>G]C	Signature.20	0.0091
T>G	CTG	C[T>G]G	Signature.20	0.0167
T>G	CTT	C[T>G]T	Signature.20	0.0017
T>G	GTA	G[T>G]A	Signature.20	0
T>G	GTC	G[T>G]C	Signature.20	0.0031
T>G	GTG	G[T>G]G	Signature.20	0.003
T>G	GTT	G[T>G]T	Signature.20	0.0036
T>G	TTA	T[T>G]A	Signature.20	0
T>G	TTC	T[T>G]C	Signature.20	4e-4
T>G	TTG	T[T>G]G	Signature.20	4e-4
T>G	TTT	T[T>G]T	Signature.20	0
C>A	ACA	A[C>A]A	Signature.21	1e-4
C>A	ACC	A[C>A]C	Signature.21	7e-4
C>A	ACG	A[C>A]G	Signature.21	0
C>A	ACT	A[C>A]T	Signature.21	6e-4
C>A	CCA	C[C>A]A	Signature.21	0.002
C>A	CCC	C[C>A]C	Signature.21	0.0014
C>A	CCG	C[C>A]G	Signature.21	0.0027
C>A	CCT	C[C>A]T	Signature.21	0.0056
C>A	GCA	G[C>A]A	Signature.21	1e-4
C>A	GCC	G[C>A]C	Signature.21	0.0038
C>A	GCG	G[C>A]G	Signature.21	3e-4
C>A	GCT	G[C>A]T	Signature.21	0.0023
C>A	TCA	T[C>A]A	Signature.21	1e-4
C>A	TCC	T[C>A]C	Signature.21	5e-4
C>A	TCG	T[C>A]G	Signature.21	0
C>A	TCT	T[C>A]T	Signature.21	4e-4
C>G	ACA	A[C>G]A	Signature.21	5e-4
C>G	ACC	A[C>G]C	Signature.21	8e-4
C>G	ACG	A[C>G]G	Signature.21	0
C>G	ACT	A[C>G]T	Signature.21	0.0018
C>G	CCA	C[C>G]A	Signature.21	1e-4
C>G	CCC	C[C>G]C	Signature.21	0
C>G	CCG	C[C>G]G	Signature.21	0
C>G	CCT	C[C>G]T	Signature.21	3e-4
C>G	GCA	G[C>G]A	Signature.21	4e-4
C>G	GCC	G[C>G]C	Signature.21	0.0042
C>G	GCG	G[C>G]G	Signature.21	0
C>G	GCT	G[C>G]T	Signature.21	4e-4
C>G	TCA	T[C>G]A	Signature.21	2e-4
C>G	TCC	T[C>G]C	Signature.21	3e-4
C>G	TCG	T[C>G]G	Signature.21	0
C>G	TCT	T[C>G]T	Signature.21	3e-4
C>T	ACA	A[C>T]A	Signature.21	0.0051
C>T	ACC	A[C>T]C	Signature.21	0.0062
C>T	ACG	A[C>T]G	Signature.21	0.0256
C>T	ACT	A[C>T]T	Signature.21	0.003
C>T	CCA	C[C>T]A	Signature.21	0.0034
C>T	CCC	C[C>T]C	Signature.21	0.0091
C>T	CCG	C[C>T]G	Signature.21	0.0318
C>T	CCT	C[C>T]T	Signature.21	0.004
C>T	GCA	G[C>T]A	Signature.21	0.0163
C>T	GCC	G[C>T]C	Signature.21	0.0392
C>T	GCG	G[C>T]G	Signature.21	0.0019
C>T	GCT	G[C>T]T	Signature.21	0.0166
C>T	TCA	T[C>T]A	Signature.21	0.0064
C>T	TCC	T[C>T]C	Signature.21	0.0086
C>T	TCG	T[C>T]G	Signature.21	0.0126
C>T	TCT	T[C>T]T	Signature.21	0.0064
T>A	ATA	A[T>A]A	Signature.21	0.0083
T>A	ATC	A[T>A]C	Signature.21	0.0292
T>A	ATG	A[T>A]G	Signature.21	0.0027
T>A	ATT	A[T>A]T	Signature.21	0.0043
T>A	CTA	C[T>A]A	Signature.21	0
T>A	CTC	C[T>A]C	Signature.21	0.0037
T>A	CTG	C[T>A]G	Signature.21	0.0025
T>A	CTT	C[T>A]T	Signature.21	0.001
T>A	GTA	G[T>A]A	Signature.21	0
T>A	GTC	G[T>A]C	Signature.21	0.0142
T>A	GTG	G[T>A]G	Signature.21	0.0031
T>A	GTT	G[T>A]T	Signature.21	0.0041
T>A	TTA	T[T>A]A	Signature.21	0.0027
T>A	TTC	T[T>A]C	Signature.21	0.0045
T>A	TTG	T[T>A]G	Signature.21	0
T>A	TTT	T[T>A]T	Signature.21	8e-4
T>C	ATA	A[T>C]A	Signature.21	0.0265
T>C	ATC	A[T>C]C	Signature.21	0.0165
T>C	ATG	A[T>C]G	Signature.21	0.0224
T>C	ATT	A[T>C]T	Signature.21	0.0189
T>C	CTA	C[T>C]A	Signature.21	0.0219
T>C	CTC	C[T>C]C	Signature.21	0.01
T>C	CTG	C[T>C]G	Signature.21	0.0211
T>C	CTT	C[T>C]T	Signature.21	0.0204
T>C	GTA	G[T>C]A	Signature.21	0.1426
T>C	GTC	G[T>C]C	Signature.21	0.0665
T>C	GTG	G[T>C]G	Signature.21	0.0884
T>C	GTT	G[T>C]T	Signature.21	0.1003
T>C	TTA	T[T>C]A	Signature.21	0.0389
T>C	TTC	T[T>C]C	Signature.21	0.0313
T>C	TTG	T[T>C]G	Signature.21	0.0249
T>C	TTT	T[T>C]T	Signature.21	0.0274
T>G	ATA	A[T>G]A	Signature.21	0
T>G	ATC	A[T>G]C	Signature.21	0.0031
T>G	ATG	A[T>G]G	Signature.21	0.0016
T>G	ATT	A[T>G]T	Signature.21	0.0018
T>G	CTA	C[T>G]A	Signature.21	0
T>G	CTC	C[T>G]C	Signature.21	5e-4
T>G	CTG	C[T>G]G	Signature.21	4e-4
T>G	CTT	C[T>G]T	Signature.21	0.0032
T>G	GTA	G[T>G]A	Signature.21	0
T>G	GTC	G[T>G]C	Signature.21	6e-4
T>G	GTG	G[T>G]G	Signature.21	4e-4
T>G	GTT	G[T>G]T	Signature.21	8e-4
T>G	TTA	T[T>G]A	Signature.21	0
T>G	TTC	T[T>G]C	Signature.21	0.0018
T>G	TTG	T[T>G]G	Signature.21	3e-4
T>G	TTT	T[T>G]T	Signature.21	3e-4
C>A	ACA	A[C>A]A	Signature.R1	0.021
C>A	ACC	A[C>A]C	Signature.R1	0.0065
C>A	ACG	A[C>A]G	Signature.R1	0
C>A	ACT	A[C>A]T	Signature.R1	0.0058
C>A	CCA	C[C>A]A	Signature.R1	0.0076
C>A	CCC	C[C>A]C	Signature.R1	0.0023
C>A	CCG	C[C>A]G	Signature.R1	0
C>A	CCT	C[C>A]T	Signature.R1	0.0036
C>A	GCA	G[C>A]A	Signature.R1	0.011
C>A	GCC	G[C>A]C	Signature.R1	0.0039
C>A	GCG	G[C>A]G	Signature.R1	0
C>A	GCT	G[C>A]T	Signature.R1	0.0032
C>A	TCA	T[C>A]A	Signature.R1	0.0241
C>A	TCC	T[C>A]C	Signature.R1	0.0069
C>A	TCG	T[C>A]G	Signature.R1	0.001
C>A	TCT	T[C>A]T	Signature.R1	0.008
C>G	ACA	A[C>G]A	Signature.R1	0.0038
C>G	ACC	A[C>G]C	Signature.R1	0.0046
C>G	ACG	A[C>G]G	Signature.R1	7e-4
C>G	ACT	A[C>G]T	Signature.R1	0.0038
C>G	CCA	C[C>G]A	Signature.R1	0.0013
C>G	CCC	C[C>G]C	Signature.R1	0.0015
C>G	CCG	C[C>G]G	Signature.R1	0.0042
C>G	CCT	C[C>G]T	Signature.R1	0.0035
C>G	GCA	G[C>G]A	Signature.R1	0.0061
C>G	GCC	G[C>G]C	Signature.R1	0.0068
C>G	GCG	G[C>G]G	Signature.R1	0
C>G	GCT	G[C>G]T	Signature.R1	0.0047
C>G	TCA	T[C>G]A	Signature.R1	9e-4
C>G	TCC	T[C>G]C	Signature.R1	0.0039
C>G	TCG	T[C>G]G	Signature.R1	0.001
C>G	TCT	T[C>G]T	Signature.R1	0.0025
C>T	ACA	A[C>T]A	Signature.R1	0.0058
C>T	ACC	A[C>T]C	Signature.R1	0.0057
C>T	ACG	A[C>T]G	Signature.R1	0.0183
C>T	ACT	A[C>T]T	Signature.R1	0.0028
C>T	CCA	C[C>T]A	Signature.R1	0.0055
C>T	CCC	C[C>T]C	Signature.R1	0.007
C>T	CCG	C[C>T]G	Signature.R1	0.0141
C>T	CCT	C[C>T]T	Signature.R1	0.0079
C>T	GCA	G[C>T]A	Signature.R1	0.0071
C>T	GCC	G[C>T]C	Signature.R1	0.007
C>T	GCG	G[C>T]G	Signature.R1	0.0125
C>T	GCT	G[C>T]T	Signature.R1	0.0062
C>T	TCA	T[C>T]A	Signature.R1	0.0015
C>T	TCC	T[C>T]C	Signature.R1	0.0078
C>T	TCG	T[C>T]G	Signature.R1	0.0072
C>T	TCT	T[C>T]T	Signature.R1	0.0154
T>A	ATA	A[T>A]A	Signature.R1	0.0144
T>A	ATC	A[T>A]C	Signature.R1	0.0036
T>A	ATG	A[T>A]G	Signature.R1	0.0033
T>A	ATT	A[T>A]T	Signature.R1	0.0105
T>A	CTA	C[T>A]A	Signature.R1	0.0024
T>A	CTC	C[T>A]C	Signature.R1	0.0042
T>A	CTG	C[T>A]G	Signature.R1	4e-4
T>A	CTT	C[T>A]T	Signature.R1	0.0016
T>A	GTA	G[T>A]A	Signature.R1	0.0045
T>A	GTC	G[T>A]C	Signature.R1	0.002
T>A	GTG	G[T>A]G	Signature.R1	0.0014
T>A	GTT	G[T>A]T	Signature.R1	8e-4
T>A	TTA	T[T>A]A	Signature.R1	0.0072
T>A	TTC	T[T>A]C	Signature.R1	0.0012
T>A	TTG	T[T>A]G	Signature.R1	0.0017
T>A	TTT	T[T>A]T	Signature.R1	0.0023
T>C	ATA	A[T>C]A	Signature.R1	0.0069
T>C	ATC	A[T>C]C	Signature.R1	0.0089
T>C	ATG	A[T>C]G	Signature.R1	0.0035
T>C	ATT	A[T>C]T	Signature.R1	0.004
T>C	CTA	C[T>C]A	Signature.R1	0.002
T>C	CTC	C[T>C]C	Signature.R1	0.0224
T>C	CTG	C[T>C]G	Signature.R1	0.0056
T>C	CTT	C[T>C]T	Signature.R1	0.0034
T>C	GTA	G[T>C]A	Signature.R1	0.0034
T>C	GTC	G[T>C]C	Signature.R1	0.0072
T>C	GTG	G[T>C]G	Signature.R1	0.0023
T>C	GTT	G[T>C]T	Signature.R1	0.0047
T>C	TTA	T[T>C]A	Signature.R1	0.006
T>C	TTC	T[T>C]C	Signature.R1	0.0087
T>C	TTG	T[T>C]G	Signature.R1	0.0032
T>C	TTT	T[T>C]T	Signature.R1	0.0043
T>G	ATA	A[T>G]A	Signature.R1	0.0013
T>G	ATC	A[T>G]C	Signature.R1	0
T>G	ATG	A[T>G]G	Signature.R1	0.0025
T>G	ATT	A[T>G]T	Signature.R1	0.0029
T>G	CTA	C[T>G]A	Signature.R1	6e-4
T>G	CTC	C[T>G]C	Signature.R1	0.0018
T>G	CTG	C[T>G]G	Signature.R1	0.0058
T>G	CTT	C[T>G]T	Signature.R1	0.0015
T>G	GTA	G[T>G]A	Signature.R1	0.022
T>G	GTC	G[T>G]C	Signature.R1	0.0394
T>G	GTG	G[T>G]G	Signature.R1	0.4246
T>G	GTT	G[T>G]T	Signature.R1	0.04
T>G	TTA	T[T>G]A	Signature.R1	0.0018
T>G	TTC	T[T>G]C	Signature.R1	0.0021
T>G	TTG	T[T>G]G	Signature.R1	0.0055
T>G	TTT	T[T>G]T	Signature.R1	0.0042
C>A	ACA	A[C>A]A	Signature.R2	0.0137
C>A	ACC	A[C>A]C	Signature.R2	0.0046
C>A	ACG	A[C>A]G	Signature.R2	0.0048
C>A	ACT	A[C>A]T	Signature.R2	0.0081
C>A	CCA	C[C>A]A	Signature.R2	0.3117
C>A	CCC	C[C>A]C	Signature.R2	0.1477
C>A	CCG	C[C>A]G	Signature.R2	0.0699
C>A	CCT	C[C>A]T	Signature.R2	0.153
C>A	GCA	G[C>A]A	Signature.R2	0.0047
C>A	GCC	G[C>A]C	Signature.R2	0.0077
C>A	GCG	G[C>A]G	Signature.R2	0.0056
C>A	GCT	G[C>A]T	Signature.R2	0.0066
C>A	TCA	T[C>A]A	Signature.R2	0.0264
C>A	TCC	T[C>A]C	Signature.R2	0.0235
C>A	TCG	T[C>A]G	Signature.R2	0.0586
C>A	TCT	T[C>A]T	Signature.R2	0.0245
C>G	ACA	A[C>G]A	Signature.R2	0.0024
C>G	ACC	A[C>G]C	Signature.R2	0.0018
C>G	ACG	A[C>G]G	Signature.R2	5e-4
C>G	ACT	A[C>G]T	Signature.R2	0.0015
C>G	CCA	C[C>G]A	Signature.R2	0.0036
C>G	CCC	C[C>G]C	Signature.R2	0.0022
C>G	CCG	C[C>G]G	Signature.R2	0.0028
C>G	CCT	C[C>G]T	Signature.R2	0.0046
C>G	GCA	G[C>G]A	Signature.R2	0.0012
C>G	GCC	G[C>G]C	Signature.R2	0.0017
C>G	GCG	G[C>G]G	Signature.R2	0.0018
C>G	GCT	G[C>G]T	Signature.R2	5e-4
C>G	TCA	T[C>G]A	Signature.R2	0.0017
C>G	TCC	T[C>G]C	Signature.R2	0.004
C>G	TCG	T[C>G]G	Signature.R2	3e-4
C>G	TCT	T[C>G]T	Signature.R2	9e-4
C>T	ACA	A[C>T]A	Signature.R2	0.0028
C>T	ACC	A[C>T]C	Signature.R2	0.0018
C>T	ACG	A[C>T]G	Signature.R2	0.0021
C>T	ACT	A[C>T]T	Signature.R2	0.0016
C>T	CCA	C[C>T]A	Signature.R2	0.0053
C>T	CCC	C[C>T]C	Signature.R2	6e-4
C>T	CCG	C[C>T]G	Signature.R2	0.0043
C>T	CCT	C[C>T]T	Signature.R2	0.0026
C>T	GCA	G[C>T]A	Signature.R2	0.0017
C>T	GCC	G[C>T]C	Signature.R2	0.0018
C>T	GCG	G[C>T]G	Signature.R2	0.0016
C>T	GCT	G[C>T]T	Signature.R2	0.0023
C>T	TCA	T[C>T]A	Signature.R2	0.002
C>T	TCC	T[C>T]C	Signature.R2	0.0041
C>T	TCG	T[C>T]G	Signature.R2	0.0011
C>T	TCT	T[C>T]T	Signature.R2	0.002
T>A	ATA	A[T>A]A	Signature.R2	5e-4
T>A	ATC	A[T>A]C	Signature.R2	8e-4
T>A	ATG	A[T>A]G	Signature.R2	0.003
T>A	ATT	A[T>A]T	Signature.R2	7e-4
T>A	CTA	C[T>A]A	Signature.R2	5e-4
T>A	CTC	C[T>A]C	Signature.R2	0.0018
T>A	CTG	C[T>A]G	Signature.R2	0.008
T>A	CTT	C[T>A]T	Signature.R2	0.0044
T>A	GTA	G[T>A]A	Signature.R2	1e-4
T>A	GTC	G[T>A]C	Signature.R2	0.0014
T>A	GTG	G[T>A]G	Signature.R2	0.0019
T>A	GTT	G[T>A]T	Signature.R2	0.0013
T>A	TTA	T[T>A]A	Signature.R2	4e-4
T>A	TTC	T[T>A]C	Signature.R2	1e-4
T>A	TTG	T[T>A]G	Signature.R2	7e-4
T>A	TTT	T[T>A]T	Signature.R2	0.0015
T>C	ATA	A[T>C]A	Signature.R2	0.0017
T>C	ATC	A[T>C]C	Signature.R2	9e-4
T>C	ATG	A[T>C]G	Signature.R2	0.0028
T>C	ATT	A[T>C]T	Signature.R2	0.0019
T>C	CTA	C[T>C]A	Signature.R2	5e-4
T>C	CTC	C[T>C]C	Signature.R2	0.0017
T>C	CTG	C[T>C]G	Signature.R2	0.0025
T>C	CTT	C[T>C]T	Signature.R2	0.002
T>C	GTA	G[T>C]A	Signature.R2	7e-4
T>C	GTC	G[T>C]C	Signature.R2	0.0012
T>C	GTG	G[T>C]G	Signature.R2	0.002
T>C	GTT	G[T>C]T	Signature.R2	0.0018
T>C	TTA	T[T>C]A	Signature.R2	0.0011
T>C	TTC	T[T>C]C	Signature.R2	8e-4
T>C	TTG	T[T>C]G	Signature.R2	0.0015
T>C	TTT	T[T>C]T	Signature.R2	0.0013
T>G	ATA	A[T>G]A	Signature.R2	0
T>G	ATC	A[T>G]C	Signature.R2	0
T>G	ATG	A[T>G]G	Signature.R2	0.0011
T>G	ATT	A[T>G]T	Signature.R2	0
T>G	CTA	C[T>G]A	Signature.R2	0
T>G	CTC	C[T>G]C	Signature.R2	8e-4
T>G	CTG	C[T>G]G	Signature.R2	0.0017
T>G	CTT	C[T>G]T	Signature.R2	0.0018
T>G	GTA	G[T>G]A	Signature.R2	0
T>G	GTC	G[T>G]C	Signature.R2	0
T>G	GTG	G[T>G]G	Signature.R2	8e-4
T>G	GTT	G[T>G]T	Signature.R2	0
T>G	TTA	T[T>G]A	Signature.R2	0
T>G	TTC	T[T>G]C	Signature.R2	0
T>G	TTG	T[T>G]G	Signature.R2	0.0011
T>G	TTT	T[T>G]T	Signature.R2	9e-4
C>A	ACA	A[C>A]A	Signature.R3	0.0044
C>A	ACC	A[C>A]C	Signature.R3	0.0047
C>A	ACG	A[C>A]G	Signature.R3	3e-4
C>A	ACT	A[C>A]T	Signature.R3	0.0034
C>A	CCA	C[C>A]A	Signature.R3	0.0156
C>A	CCC	C[C>A]C	Signature.R3	0.0072
C>A	CCG	C[C>A]G	Signature.R3	0.0045
C>A	CCT	C[C>A]T	Signature.R3	0.0083
C>A	GCA	G[C>A]A	Signature.R3	0.0072
C>A	GCC	G[C>A]C	Signature.R3	0.003
C>A	GCG	G[C>A]G	Signature.R3	4e-4
C>A	GCT	G[C>A]T	Signature.R3	0.0024
C>A	TCA	T[C>A]A	Signature.R3	0.0123
C>A	TCC	T[C>A]C	Signature.R3	0.0071
C>A	TCG	T[C>A]G	Signature.R3	0.0025
C>A	TCT	T[C>A]T	Signature.R3	0.003
C>G	ACA	A[C>G]A	Signature.R3	0.0012
C>G	ACC	A[C>G]C	Signature.R3	0.0015
C>G	ACG	A[C>G]G	Signature.R3	0
C>G	ACT	A[C>G]T	Signature.R3	0.0022
C>G	CCA	C[C>G]A	Signature.R3	5e-4
C>G	CCC	C[C>G]C	Signature.R3	3e-4
C>G	CCG	C[C>G]G	Signature.R3	1e-4
C>G	CCT	C[C>G]T	Signature.R3	0.0015
C>G	GCA	G[C>G]A	Signature.R3	1e-4
C>G	GCC	G[C>G]C	Signature.R3	8e-4
C>G	GCG	G[C>G]G	Signature.R3	0
C>G	GCT	G[C>G]T	Signature.R3	6e-4
C>G	TCA	T[C>G]A	Signature.R3	0.0028
C>G	TCC	T[C>G]C	Signature.R3	0.0024
C>G	TCG	T[C>G]G	Signature.R3	1e-4
C>G	TCT	T[C>G]T	Signature.R3	0.0049
C>T	ACA	A[C>T]A	Signature.R3	0.0152
C>T	ACC	A[C>T]C	Signature.R3	0.0089
C>T	ACG	A[C>T]G	Signature.R3	0.0046
C>T	ACT	A[C>T]T	Signature.R3	0.0068
C>T	CCA	C[C>T]A	Signature.R3	0.0284
C>T	CCC	C[C>T]C	Signature.R3	0.0133
C>T	CCG	C[C>T]G	Signature.R3	0.0083
C>T	CCT	C[C>T]T	Signature.R3	0.0064
C>T	GCA	G[C>T]A	Signature.R3	0.0126
C>T	GCC	G[C>T]C	Signature.R3	0.0045
C>T	GCG	G[C>T]G	Signature.R3	0.0015
C>T	GCT	G[C>T]T	Signature.R3	0.004
C>T	TCA	T[C>T]A	Signature.R3	0.0185
C>T	TCC	T[C>T]C	Signature.R3	0.0126
C>T	TCG	T[C>T]G	Signature.R3	0.0037
C>T	TCT	T[C>T]T	Signature.R3	0.0044
T>A	ATA	A[T>A]A	Signature.R3	0.0027
T>A	ATC	A[T>A]C	Signature.R3	0.0018
T>A	ATG	A[T>A]G	Signature.R3	5e-4
T>A	ATT	A[T>A]T	Signature.R3	0.002
T>A	CTA	C[T>A]A	Signature.R3	0.0042
T>A	CTC	C[T>A]C	Signature.R3	0.0033
T>A	CTG	C[T>A]G	Signature.R3	0.0043
T>A	CTT	C[T>A]T	Signature.R3	0.0036
T>A	GTA	G[T>A]A	Signature.R3	0.0061
T>A	GTC	G[T>A]C	Signature.R3	0.001
T>A	GTG	G[T>A]G	Signature.R3	0.0024
T>A	GTT	G[T>A]T	Signature.R3	0.0012
T>A	TTA	T[T>A]A	Signature.R3	0.0045
T>A	TTC	T[T>A]C	Signature.R3	0.0043
T>A	TTG	T[T>A]G	Signature.R3	5e-4
T>A	TTT	T[T>A]T	Signature.R3	0.0034
T>C	ATA	A[T>C]A	Signature.R3	0.0185
T>C	ATC	A[T>C]C	Signature.R3	0.0478
T>C	ATG	A[T>C]G	Signature.R3	0.0329
T>C	ATT	A[T>C]T	Signature.R3	0.0306
T>C	CTA	C[T>C]A	Signature.R3	0.0223
T>C	CTC	C[T>C]C	Signature.R3	0.0834
T>C	CTG	C[T>C]G	Signature.R3	0.0504
T>C	CTT	C[T>C]T	Signature.R3	0.0958
T>C	GTA	G[T>C]A	Signature.R3	0.0221
T>C	GTC	G[T>C]C	Signature.R3	0.0576
T>C	GTG	G[T>C]G	Signature.R3	0.0353
T>C	GTT	G[T>C]T	Signature.R3	0.0607
T>C	TTA	T[T>C]A	Signature.R3	0.0093
T>C	TTC	T[T>C]C	Signature.R3	0.0543
T>C	TTG	T[T>C]G	Signature.R3	0.0237
T>C	TTT	T[T>C]T	Signature.R3	0.0365
T>G	ATA	A[T>G]A	Signature.R3	1e-4
T>G	ATC	A[T>G]C	Signature.R3	8e-4
T>G	ATG	A[T>G]G	Signature.R3	0.0016
T>G	ATT	A[T>G]T	Signature.R3	6e-4
T>G	CTA	C[T>G]A	Signature.R3	0
T>G	CTC	C[T>G]C	Signature.R3	0.0018
T>G	CTG	C[T>G]G	Signature.R3	0.0016
T>G	CTT	C[T>G]T	Signature.R3	0.002
T>G	GTA	G[T>G]A	Signature.R3	0
T>G	GTC	G[T>G]C	Signature.R3	1e-4
T>G	GTG	G[T>G]G	Signature.R3	0.0012
T>G	GTT	G[T>G]T	Signature.R3	6e-4
T>G	TTA	T[T>G]A	Signature.R3	7e-4
T>G	TTC	T[T>G]C	Signature.R3	0.001
T>G	TTG	T[T>G]G	Signature.R3	9e-4
T>G	TTT	T[T>G]T	Signature.R3	0.001
C>A	ACA	A[C>A]A	Signature.U1	0.0105
C>A	ACC	A[C>A]C	Signature.U1	5e-4
C>A	ACG	A[C>A]G	Signature.U1	0
C>A	ACT	A[C>A]T	Signature.U1	0.0112
C>A	CCA	C[C>A]A	Signature.U1	0.0173
C>A	CCC	C[C>A]C	Signature.U1	0.0051
C>A	CCG	C[C>A]G	Signature.U1	0.0018
C>A	CCT	C[C>A]T	Signature.U1	0.0111
C>A	GCA	G[C>A]A	Signature.U1	0.0073
C>A	GCC	G[C>A]C	Signature.U1	0.0108
C>A	GCG	G[C>A]G	Signature.U1	0
C>A	GCT	G[C>A]T	Signature.U1	0.0081
C>A	TCA	T[C>A]A	Signature.U1	0.0164
C>A	TCC	T[C>A]C	Signature.U1	0.0032
C>A	TCG	T[C>A]G	Signature.U1	0.0017
C>A	TCT	T[C>A]T	Signature.U1	0.02
C>G	ACA	A[C>G]A	Signature.U1	0.0044
C>G	ACC	A[C>G]C	Signature.U1	0.0065
C>G	ACG	A[C>G]G	Signature.U1	0.0044
C>G	ACT	A[C>G]T	Signature.U1	0.009
C>G	CCA	C[C>G]A	Signature.U1	0.005
C>G	CCC	C[C>G]C	Signature.U1	0.0034
C>G	CCG	C[C>G]G	Signature.U1	0.0053
C>G	CCT	C[C>G]T	Signature.U1	0.0088
C>G	GCA	G[C>G]A	Signature.U1	0.0093
C>G	GCC	G[C>G]C	Signature.U1	0.0254
C>G	GCG	G[C>G]G	Signature.U1	0.0035
C>G	GCT	G[C>G]T	Signature.U1	0.0231
C>G	TCA	T[C>G]A	Signature.U1	0.0076
C>G	TCC	T[C>G]C	Signature.U1	0.0026
C>G	TCG	T[C>G]G	Signature.U1	0.0029
C>G	TCT	T[C>G]T	Signature.U1	0.0176
C>T	ACA	A[C>T]A	Signature.U1	1e-4
C>T	ACC	A[C>T]C	Signature.U1	7e-4
C>T	ACG	A[C>T]G	Signature.U1	0
C>T	ACT	A[C>T]T	Signature.U1	0.01
C>T	CCA	C[C>T]A	Signature.U1	0.0068
C>T	CCC	C[C>T]C	Signature.U1	3e-4
C>T	CCG	C[C>T]G	Signature.U1	0.0014
C>T	CCT	C[C>T]T	Signature.U1	0.0343
C>T	GCA	G[C>T]A	Signature.U1	0.0016
C>T	GCC	G[C>T]C	Signature.U1	0.005
C>T	GCG	G[C>T]G	Signature.U1	6e-4
C>T	GCT	G[C>T]T	Signature.U1	0.0213
C>T	TCA	T[C>T]A	Signature.U1	0.018
C>T	TCC	T[C>T]C	Signature.U1	0.0082
C>T	TCG	T[C>T]G	Signature.U1	5e-4
C>T	TCT	T[C>T]T	Signature.U1	0.0671
T>A	ATA	A[T>A]A	Signature.U1	0.0115
T>A	ATC	A[T>A]C	Signature.U1	0
T>A	ATG	A[T>A]G	Signature.U1	0.01
T>A	ATT	A[T>A]T	Signature.U1	0
T>A	CTA	C[T>A]A	Signature.U1	0.0077
T>A	CTC	C[T>A]C	Signature.U1	0.0064
T>A	CTG	C[T>A]G	Signature.U1	0.0226
T>A	CTT	C[T>A]T	Signature.U1	0.005
T>A	GTA	G[T>A]A	Signature.U1	0.0071
T>A	GTC	G[T>A]C	Signature.U1	0.0039
T>A	GTG	G[T>A]G	Signature.U1	0.0114
T>A	GTT	G[T>A]T	Signature.U1	0.0065
T>A	TTA	T[T>A]A	Signature.U1	0.0078
T>A	TTC	T[T>A]C	Signature.U1	0.0085
T>A	TTG	T[T>A]G	Signature.U1	0.0247
T>A	TTT	T[T>A]T	Signature.U1	0.0076
T>C	ATA	A[T>C]A	Signature.U1	0.0121
T>C	ATC	A[T>C]C	Signature.U1	0.001
T>C	ATG	A[T>C]G	Signature.U1	0.0227
T>C	ATT	A[T>C]T	Signature.U1	0.0213
T>C	CTA	C[T>C]A	Signature.U1	0.006
T>C	CTC	C[T>C]C	Signature.U1	0.0155
T>C	CTG	C[T>C]G	Signature.U1	0.0617
T>C	CTT	C[T>C]T	Signature.U1	0.018
T>C	GTA	G[T>C]A	Signature.U1	0.0056
T>C	GTC	G[T>C]C	Signature.U1	0.0064
T>C	GTG	G[T>C]G	Signature.U1	0.0094
T>C	GTT	G[T>C]T	Signature.U1	0.0068
T>C	TTA	T[T>C]A	Signature.U1	0.0182
T>C	TTC	T[T>C]C	Signature.U1	0.0074
T>C	TTG	T[T>C]G	Signature.U1	0.0249
T>C	TTT	T[T>C]T	Signature.U1	0.0245
T>G	ATA	A[T>G]A	Signature.U1	0
T>G	ATC	A[T>G]C	Signature.U1	0
T>G	ATG	A[T>G]G	Signature.U1	0.0295
T>G	ATT	A[T>G]T	Signature.U1	0
T>G	CTA	C[T>G]A	Signature.U1	0
T>G	CTC	C[T>G]C	Signature.U1	0.0044
T>G	CTG	C[T>G]G	Signature.U1	0.0254
T>G	CTT	C[T>G]T	Signature.U1	0.005
T>G	GTA	G[T>G]A	Signature.U1	0
T>G	GTC	G[T>G]C	Signature.U1	0.0031
T>G	GTG	G[T>G]G	Signature.U1	0.0176
T>G	GTT	G[T>G]T	Signature.U1	0.0096
T>G	TTA	T[T>G]A	Signature.U1	0.0166
T>G	TTC	T[T>G]C	Signature.U1	0
T>G	TTG	T[T>G]G	Signature.U1	0.0356
T>G	TTT	T[T>G]T	Signature.U1	0.0113
C>A	ACA	A[C>A]A	Signature.U2	0.0221
C>A	ACC	A[C>A]C	Signature.U2	0.0123
C>A	ACG	A[C>A]G	Signature.U2	0.0028
C>A	ACT	A[C>A]T	Signature.U2	0.0118
C>A	CCA	C[C>A]A	Signature.U2	0.0057
C>A	CCC	C[C>A]C	Signature.U2	0.0081
C>A	CCG	C[C>A]G	Signature.U2	9e-4
C>A	CCT	C[C>A]T	Signature.U2	0.0095
C>A	GCA	G[C>A]A	Signature.U2	0.0152
C>A	GCC	G[C>A]C	Signature.U2	0.0094
C>A	GCG	G[C>A]G	Signature.U2	0.0025
C>A	GCT	G[C>A]T	Signature.U2	0.0101
C>A	TCA	T[C>A]A	Signature.U2	0.0241
C>A	TCC	T[C>A]C	Signature.U2	0.0175
C>A	TCG	T[C>A]G	Signature.U2	0.0033
C>A	TCT	T[C>A]T	Signature.U2	0.0214
C>G	ACA	A[C>G]A	Signature.U2	0.0108
C>G	ACC	A[C>G]C	Signature.U2	0.0074
C>G	ACG	A[C>G]G	Signature.U2	1e-4
C>G	ACT	A[C>G]T	Signature.U2	0.012
C>G	CCA	C[C>G]A	Signature.U2	0.0074
C>G	CCC	C[C>G]C	Signature.U2	0.0071
C>G	CCG	C[C>G]G	Signature.U2	0.0016
C>G	CCT	C[C>G]T	Signature.U2	0.0131
C>G	GCA	G[C>G]A	Signature.U2	0.0063
C>G	GCC	G[C>G]C	Signature.U2	0.0052
C>G	GCG	G[C>G]G	Signature.U2	0
C>G	GCT	G[C>G]T	Signature.U2	0.008
C>G	TCA	T[C>G]A	Signature.U2	0.0141
C>G	TCC	T[C>G]C	Signature.U2	0.0129
C>G	TCG	T[C>G]G	Signature.U2	0.002
C>G	TCT	T[C>G]T	Signature.U2	0.0265
C>T	ACA	A[C>T]A	Signature.U2	0.0194
C>T	ACC	A[C>T]C	Signature.U2	0.012
C>T	ACG	A[C>T]G	Signature.U2	0.0122
C>T	ACT	A[C>T]T	Signature.U2	0.0171
C>T	CCA	C[C>T]A	Signature.U2	0.0189
C>T	CCC	C[C>T]C	Signature.U2	0.0157
C>T	CCG	C[C>T]G	Signature.U2	0.0062
C>T	CCT	C[C>T]T	Signature.U2	0.0195
C>T	GCA	G[C>T]A	Signature.U2	0.0186
C>T	GCC	G[C>T]C	Signature.U2	0.0265
C>T	GCG	G[C>T]G	Signature.U2	0.0095
C>T	GCT	G[C>T]T	Signature.U2	0.0164
C>T	TCA	T[C>T]A	Signature.U2	0.0344
C>T	TCC	T[C>T]C	Signature.U2	0.0246
C>T	TCG	T[C>T]G	Signature.U2	0.0069
C>T	TCT	T[C>T]T	Signature.U2	0.0261
T>A	ATA	A[T>A]A	Signature.U2	0.0108
T>A	ATC	A[T>A]C	Signature.U2	0.0075
T>A	ATG	A[T>A]G	Signature.U2	0.0095
T>A	ATT	A[T>A]T	Signature.U2	0.0104
T>A	CTA	C[T>A]A	Signature.U2	0.0068
T>A	CTC	C[T>A]C	Signature.U2	0.0088
T>A	CTG	C[T>A]G	Signature.U2	0.0107
T>A	CTT	C[T>A]T	Signature.U2	0.0105
T>A	GTA	G[T>A]A	Signature.U2	0.0061
T>A	GTC	G[T>A]C	Signature.U2	0.0048
T>A	GTG	G[T>A]G	Signature.U2	0.0056
T>A	GTT	G[T>A]T	Signature.U2	0.0044
T>A	TTA	T[T>A]A	Signature.U2	0.009
T>A	TTC	T[T>A]C	Signature.U2	0.008
T>A	TTG	T[T>A]G	Signature.U2	0.008
T>A	TTT	T[T>A]T	Signature.U2	0.0125
T>C	ATA	A[T>C]A	Signature.U2	0.0221
T>C	ATC	A[T>C]C	Signature.U2	0.0095
T>C	ATG	A[T>C]G	Signature.U2	0.0182
T>C	ATT	A[T>C]T	Signature.U2	0.0217
T>C	CTA	C[T>C]A	Signature.U2	0.0096
T>C	CTC	C[T>C]C	Signature.U2	0.0064
T>C	CTG	C[T>C]G	Signature.U2	0.0164
T>C	CTT	C[T>C]T	Signature.U2	0.003
T>C	GTA	G[T>C]A	Signature.U2	0.0062
T>C	GTC	G[T>C]C	Signature.U2	0.0026
T>C	GTG	G[T>C]G	Signature.U2	0.0094
T>C	GTT	G[T>C]T	Signature.U2	0.0041
T>C	TTA	T[T>C]A	Signature.U2	0.0112
T>C	TTC	T[T>C]C	Signature.U2	0.0046
T>C	TTG	T[T>C]G	Signature.U2	0.0083
T>C	TTT	T[T>C]T	Signature.U2	0.014
T>G	ATA	A[T>G]A	Signature.U2	0.0046
T>G	ATC	A[T>G]C	Signature.U2	0.0077
T>G	ATG	A[T>G]G	Signature.U2	0.006
T>G	ATT	A[T>G]T	Signature.U2	0.0124
T>G	CTA	C[T>G]A	Signature.U2	1e-4
T>G	CTC	C[T>G]C	Signature.U2	0.0045
T>G	CTG	C[T>G]G	Signature.U2	0.0058
T>G	CTT	C[T>G]T	Signature.U2	0.0099
T>G	GTA	G[T>G]A	Signature.U2	0.0012
T>G	GTC	G[T>G]C	Signature.U2	0.0011
T>G	GTG	G[T>G]G	Signature.U2	0.0057
T>G	GTT	G[T>G]T	Signature.U2	0.0064
T>G	TTA	T[T>G]A	Signature.U2	0.0048
T>G	TTC	T[T>G]C	Signature.U2	0.0089
T>G	TTG	T[T>G]G	Signature.U2	0.0076
T>G	TTT	T[T>G]T	Signature.U2	0.0174
